salary,sex,pay_grade,position,age,year_at_company
51945.03,M,GS10,FinancialAnalyst,49,19
120282.27,M,GS15,Accountant,20,0
73131.81,F,GS11,FinancialAnalyst,40,16
69548.85,M,GS11,Developer,32,4
114453.95,M,GS13,Accountant,57,21
100371.59,F,GS10,Secretary,64,40
108991.56,M,GS13,Developer,35,10
83882.52,M,GS11,Developer,37,12
76271.75,M,GS11,Developer,33,5
152449.05,M,GS15,Accountant,56,14
68729.59,F,GS11,Secretary,33,8
66025.51,F,GS11,FinancialAnalyst,41,11
65818.65,F,GS10,FinancialAnalyst,64,13
61372.99,F,GS11,Secretary,23,3
132331.38,M,GS15,Developer,35,7
72155.85,M,GS12,Engineer,34,6
65153.83,F,GS10,Secretary,60,11
100530.91,M,GS13,Developer,40,9
83189.58,M,GS12,Developer,51,5
72162.3,M,GS11,Engineer,36,16
75314.19,F,GS11,Engineer,50,21
32268.61,F,GS11,Engineer,56,22
86652.26,F,GS10,Developer,38,18
82534.86,M,GS13,Engineer,24,2
121413.5,M,GS14,Accountant,63,13
78452.53,F,GS10,FinancialAnalyst,61,23
55756.0,F,GS11,FinancialAnalyst,24,0
50160.79,F,GS10,FinancialAnalyst,51,22
90336.74,F,GS12,Engineer,40,20
114292.95,M,GS11,Developer,62,29
54768.65,M,GS10,Secretary,32,0
62930.49,M,GS10,Secretary,40,13
56271.65,M,GS10,Secretary,48,7
97087.91,F,GS13,Developer,41,7
35946.01,M,GS14,FinancialAnalyst,62,17
85926.99,F,GS11,FinancialAnalyst,59,30
74200.17,M,GS12,Engineer,33,7
81273.44,M,GS12,FinancialAnalyst,58,10
25326.58,M,GS14,Accountant,64,1
118539.89,F,GS15,Engineer,37,4
66829.0,M,GS12,FinancialAnalyst,25,0
85879.19,F,GS11,Secretary,55,26
96467.96,M,GS14,Engineer,22,1
67804.22,M,GS12,FinancialAnalyst,24,2
135536.29,M,GS15,Developer,45,5
179587.95,F,GS15,Developer,49,23
94237.46,M,GS11,Accountant,53,23
138091.07,M,GS15,Accountant,51,10
152783.57,M,GS14,Developer,59,24
65890.2,F,GS11,Secretary,33,10
66431.3,F,GS10,Developer,37,6
111370.56,F,GS12,FinancialAnalyst,56,34
60777.85,F,GS11,Secretary,28,2
93825.57,F,GS13,FinancialAnalyst,52,11
64280.0,M,GS10,Accountant,28,2
66622.94,F,GS11,Engineer,40,20
149373.78,M,GS15,Developer,52,12
57758.89,M,GS10,Secretary,30,4
129583.47,F,GS15,Developer,27,4
126198.84,F,GS15,Accountant,41,3
120744.9,F,GS14,Developer,35,10
67591.14,F,GS11,Engineer,44,11
108395.89,F,GS12,Developer,21,1
63628.17,M,GS11,FinancialAnalyst,44,8
160926.74,M,GS15,Developer,27,1
54718.66,M,GS10,Secretary,29,0
150714.01,F,GS14,Engineer,54,29
99501.72,M,GS14,Engineer,44,3
26330.77,F,GS10,Engineer,54,2
161034.26,F,GS15,Engineer,62,25
126871.52,F,GS15,Accountant,41,3
95203.55,F,GS12,Accountant,38,17
100737.29,M,GS14,FinancialAnalyst,27,3
26493.11,M,GS11,Developer,62,22
97170.12,M,GS13,Developer,36,3
87597.13,F,GS10,Engineer,61,35
155426.22,F,GS15,Accountant,42,18
183989.16,M,GS15,Accountant,50,29
26637.01,F,GS12,FinancialAnalyst,58,19
64032.01,M,GS10,Accountant,33,3
83278.7,F,GS12,Accountant,23,3
57258.78,M,GS11,Engineer,22,1
93907.0,F,GS14,Engineer,25,0
49596.46,F,GS15,Developer,59,19
158534.29,F,GS13,Developer,62,39
89464.84,M,GS13,Accountant,29,0
63818.45,F,GS11,Secretary,24,4
55367.37,M,GS10,FinancialAnalyst,35,5
83304.98,M,GS11,FinancialAnalyst,48,28
121423.88,M,GS15,Accountant,29,0
62971.28,F,GS11,Engineer,33,9
77321.9,M,GS11,Developer,47,20
49484.55,F,GS14,Accountant,56,17
88301.03,F,GS13,FinancialAnalyst,26,5
101810.75,F,GS12,Developer,42,16
49030.36,F,GS10,Developer,49,6
65070.36,F,GS11,Secretary,26,5
132947.83,M,GS15,Engineer,43,14
58678.15,F,GS11,Secretary,29,1
54230.81,M,GS10,FinancialAnalyst,36,2
97480.5,F,GS10,Developer,55,28
64365.65,F,GS11,Secretary,32,5
68417.55,F,GS11,Developer,35,2
120777.71,F,GS13,FinancialAnalyst,52,28
75655.38,F,GS12,Accountant,21,0
64191.98,M,GS10,Accountant,25,4
101140.86,F,GS13,Accountant,57,10
82443.68,M,GS10,Secretary,48,24
77484.55,M,GS10,Secretary,55,27
85079.4,F,GS12,Accountant,61,5
92047.51,M,GS13,FinancialAnalyst,33,9
65171.49,M,GS11,Secretary,62,8
56681.74,M,GS10,FinancialAnalyst,57,7
58320.08,F,GS11,Engineer,25,3
53076.58,F,GS10,Engineer,30,1
125139.75,F,GS15,Engineer,53,7
95192.38,M,GS13,Accountant,22,2
63868.26,F,GS11,Secretary,24,4
119922.54,M,GS14,Developer,37,9
68464.17,F,GS10,Engineer,41,15
76504.93,M,GS11,Secretary,38,15
132694.98,M,GS15,FinancialAnalyst,54,12
127558.81,F,GS14,Accountant,37,16
62162.93,F,GS10,Accountant,20,0
141238.83,F,GS15,Developer,35,15
96399.21,F,GS12,Developer,47,20
134004.49,M,GS15,Accountant,41,8
54175.77,M,GS10,Secretary,20,0
66205.51,F,GS10,Secretary,37,11
72456.94,F,GS11,Developer,28,3
35354.61,M,GS15,FinancialAnalyst,64,2
59281.3,M,GS11,Secretary,20,0
59860.73,F,GS11,Secretary,23,1
58010.31,F,GS10,Secretary,44,3
100339.13,M,GS13,Accountant,51,8
67762.72,F,GS11,Accountant,22,2
136691.74,M,GS15,Developer,42,5
103191.19,F,GS12,Accountant,31,1
133799.68,M,GS15,Developer,28,8
94113.61,F,GS13,Developer,37,1
64672.31,M,GS10,Developer,27,5
82750.71,M,GS10,Secretary,56,28
155078.53,F,GS15,Developer,36,16
78341.75,F,GS10,Secretary,44,20
61255.33,M,GS10,Secretary,52,7
54934.47,M,GS10,Secretary,21,0
230833.08,M,GS15,Accountant,62,40
127252.94,M,GS15,Accountant,43,5
52294.33,F,GS10,FinancialAnalyst,21,1
116970.55,F,GS14,Accountant,49,12
76099.39,M,GS12,Accountant,20,0
111930.0,F,GS14,Engineer,50,14
75614.85,M,GS12,FinancialAnalyst,32,6
103905.76,F,GS12,Engineer,54,29
137768.86,F,GS15,FinancialAnalyst,60,13
141057.64,F,GS15,Accountant,47,9
124520.87,M,GS14,Developer,33,11
46298.93,M,GS10,Secretary,51,2
110742.23,M,GS14,Developer,29,2
68858.06,F,GS12,Engineer,36,3
128670.58,F,GS14,Engineer,45,25
74789.64,M,GS11,Developer,37,6
84740.11,F,GS10,Engineer,29,1
83272.75,M,GS12,Accountant,33,6
76542.74,M,GS10,FinancialAnalyst,42,21
91659.43,M,GS11,Developer,53,25
94736.75,F,GS13,Engineer,58,14
75673.37,M,GS12,FinancialAnalyst,26,6
51864.0,F,GS10,FinancialAnalyst,24,0
82138.54,F,GS11,Secretary,42,20
46201.18,F,GS11,Secretary,51,16
81010.0,F,GS11,Secretary,40,18
69665.87,F,GS11,Accountant,47,3
80840.84,F,GS12,Engineer,46,14
66321.86,M,GS11,FinancialAnalyst,47,12
63628.3,F,GS10,Secretary,55,11
125741.52,M,GS14,Developer,28,8
64942.22,F,GS11,Accountant,46,4
95520.65,M,GS14,Engineer,41,1
39084.22,M,GS11,Secretary,55,16
150454.78,F,GS13,Accountant,64,41
79281.84,M,GS15,Accountant,51,17
61464.43,M,GS10,Secretary,31,9
104172.34,M,GS14,Developer,46,6
58745.05,M,GS10,Secretary,32,6
68120.35,M,GS12,Accountant,48,2
116951.14,F,GS13,Accountant,38,18
78742.98,F,GS12,Accountant,21,0
71014.22,F,GS12,Accountant,49,19
55549.64,M,GS10,Secretary,44,2
144983.1,F,GS14,Engineer,54,29
107939.14,M,GS13,Engineer,63,15
189985.57,F,GS15,Accountant,61,27
66333.71,F,GS11,Engineer,31,10
127415.88,M,GS14,Engineer,25,1
58040.01,M,GS11,Secretary,46,4
66042.51,M,GS11,Engineer,45,13
84923.68,M,GS10,Developer,53,21
91851.01,M,GS12,Accountant,39,10
66829.0,F,GS12,FinancialAnalyst,39,0
130034.39,F,GS15,Developer,20,0
77598.9,F,GS10,Developer,38,12
183404.46,F,GS15,Engineer,63,33
110930.14,F,GS14,Accountant,25,2
81559.73,F,GS11,Developer,37,10
64695.46,M,GS11,FinancialAnalyst,35,9
25373.24,M,GS12,Accountant,59,16
53677.1,F,GS10,Engineer,28,3
97964.62,F,GS12,FinancialAnalyst,51,25
101593.08,M,GS15,Accountant,49,20
161689.72,M,GS13,Accountant,61,40
66503.81,F,GS10,Developer,29,4
124827.06,F,GS15,FinancialAnalyst,47,19
54438.4,M,GS10,Secretary,27,0
165441.31,F,GS15,Accountant,39,19
58089.53,M,GS11,Secretary,25,0
45740.48,M,GS11,Engineer,52,20
64537.48,M,GS11,FinancialAnalyst,28,8
68112.75,M,GS11,Secretary,32,10
29810.33,M,GS15,FinancialAnalyst,62,2
151539.06,F,GS14,Engineer,60,30
93607.98,M,GS13,Developer,41,2
55379.84,M,GS10,FinancialAnalyst,39,4
70557.77,F,GS10,Secretary,37,17
66920.61,M,GS11,Developer,22,2
99069.22,M,GS14,Engineer,30,3
73633.78,M,GS12,Engineer,38,9
82236.32,M,GS13,FinancialAnalyst,22,2
98184.22,M,GS14,FinancialAnalyst,24,3
58489.24,F,GS11,Engineer,48,5
62830.66,F,GS10,Accountant,37,0
134362.66,F,GS13,Accountant,57,30
122350.64,F,GS13,FinancialAnalyst,55,29
70960.69,M,GS11,Accountant,40,4
123538.89,M,GS13,Engineer,58,31
97384.56,F,GS14,FinancialAnalyst,34,3
58296.63,M,GS11,Secretary,30,0
93907.0,F,GS14,FinancialAnalyst,24,0
89476.56,M,GS11,Accountant,44,18
82412.13,M,GS12,Engineer,41,13
99351.16,F,GS14,Engineer,24,3
143379.93,M,GS14,Accountant,53,24
70200.42,F,GS11,Developer,20,0
68899.28,F,GS10,Secretary,55,13
146007.36,F,GS15,Developer,22,1
67228.55,F,GS11,Secretary,58,7
101321.41,F,GS13,Engineer,50,21
71042.79,M,GS10,Engineer,59,21
141105.69,F,GS15,Developer,61,14
14184.36,F,GS12,Accountant,63,2
73955.12,F,GS11,Secretary,51,21
71096.24,F,GS12,Engineer,42,5
121116.89,F,GS13,FinancialAnalyst,56,27
48358.12,F,GS14,FinancialAnalyst,55,3
82033.64,M,GS14,Accountant,50,2
92843.92,F,GS11,Accountant,62,24
90551.38,F,GS13,Developer,28,2
62139.55,F,GS10,Secretary,43,10
65568.39,M,GS10,Secretary,35,11
102307.99,F,GS13,FinancialAnalyst,46,22
119553.79,M,GS14,Developer,26,6
65432.63,F,GS10,Secretary,43,12
76863.54,M,GS12,Engineer,34,10
67828.65,M,GS10,FinancialAnalyst,43,18
74523.51,M,GS14,Developer,55,16
61759.69,M,GS10,Developer,27,1
69370.5,F,GS12,Engineer,37,2
25727.35,F,GS15,FinancialAnalyst,60,2
37483.17,M,GS10,Secretary,52,20
81158.21,M,GS13,FinancialAnalyst,40,2
135671.72,M,GS15,Accountant,31,8
111025.72,M,GS13,FinancialAnalyst,22,1
131958.63,M,GS15,Engineer,24,1
38496.61,M,GS11,Accountant,55,17
69147.39,M,GS10,Secretary,33,13
127257.23,M,GS14,Engineer,48,24
67948.22,F,GS10,Accountant,41,7
73533.54,F,GS11,Secretary,43,12
87558.17,F,GS13,FinancialAnalyst,39,4
60591.52,M,GS11,Secretary,23,0
85391.73,M,GS15,Accountant,50,4
170849.71,M,GS15,Accountant,51,25
36844.59,M,GS14,Accountant,56,3
14107.88,F,GS12,FinancialAnalyst,62,6
85332.9,M,GS11,Developer,43,15
68205.65,F,GS11,Developer,25,3
132735.94,F,GS15,FinancialAnalyst,47,1
80337.62,M,GS11,Developer,50,9
65588.91,F,GS11,Secretary,36,5
119596.11,M,GS15,Developer,21,1
77167.05,M,GS12,Engineer,31,7
82547.87,M,GS12,Accountant,51,5
93907.0,M,GS14,FinancialAnalyst,20,0
137339.93,M,GS15,Developer,28,6
22390.12,F,GS15,Accountant,64,2
137231.11,F,GS15,FinancialAnalyst,22,1
73609.3,M,GS12,Developer,20,0
84831.01,F,GS12,Developer,22,2
131600.88,M,GS15,Developer,34,5
40564.35,F,GS11,Secretary,50,3
67635.49,M,GS11,Secretary,38,11
128673.36,M,GS12,Engineer,62,40
57525.59,F,GS10,Secretary,33,6
64444.38,M,GS11,Engineer,61,10
63124.26,F,GS11,Secretary,34,9
140176.76,M,GS13,Accountant,52,30
73761.98,F,GS10,Secretary,54,26
127788.15,F,GS14,Accountant,36,13
103246.33,F,GS13,Developer,39,12
164346.47,F,GS15,Developer,45,16
75470.96,M,GS11,Secretary,57,15
60792.69,F,GS11,FinancialAnalyst,32,4
101690.1,M,GS12,Developer,60,28
137098.7,F,GS13,Engineer,63,36
63664.25,M,GS10,Secretary,36,8
89900.58,F,GS13,Developer,31,5
95733.67,M,GS15,Accountant,51,2
70711.97,F,GS12,FinancialAnalyst,25,5
81775.02,M,GS11,Secretary,41,21
74820.23,M,GS10,Secretary,46,15
143509.66,M,GS14,FinancialAnalyst,59,29
68926.49,F,GS11,Secretary,41,11
177757.85,M,GS15,Developer,63,24
59228.29,M,GS11,FinancialAnalyst,30,4
46029.79,M,GS11,Accountant,51,18
82943.92,M,GS12,FinancialAnalyst,31,11
72737.0,F,GS13,Developer,49,18
76372.0,F,GS10,Developer,37,9
25093.01,F,GS10,Secretary,53,4
113521.28,F,GS13,Accountant,46,15
79810.99,M,GS11,Secretary,45,25
59966.16,F,GS11,Secretary,22,2
91933.58,F,GS11,Secretary,63,35
117945.69,F,GS15,FinancialAnalyst,25,4
90365.98,F,GS13,Engineer,29,7
72487.12,M,GS11,Developer,34,5
63083.01,M,GS12,Developer,51,20
131972.86,M,GS13,Engineer,56,32
117116.62,F,GS15,FinancialAnalyst,28,5
100289.52,M,GS12,Accountant,41,14
38712.32,F,GS10,FinancialAnalyst,49,16
89331.36,F,GS13,Accountant,23,0
63391.11,F,GS10,Engineer,45,14
200308.08,M,GS15,Engineer,64,35
60321.34,F,GS10,Engineer,43,10
58423.59,F,GS10,FinancialAnalyst,44,8
119899.49,F,GS13,Engineer,58,25
56097.04,M,GS10,Secretary,31,1
101908.63,F,GS14,Engineer,37,5
76564.85,M,GS10,Secretary,61,21
155749.8,M,GS13,Accountant,63,42
82562.09,F,GS12,Engineer,22,1
89514.78,F,GS13,Engineer,37,11
86924.63,F,GS10,Secretary,64,32
84519.74,M,GS12,Engineer,48,15
146161.12,F,GS15,Developer,53,14
80481.46,F,GS11,Secretary,25,1
64103.34,F,GS11,FinancialAnalyst,55,7
101057.7,M,GS12,Engineer,50,30
94408.93,F,GS11,FinancialAnalyst,57,30
116319.79,F,GS15,Engineer,33,8
89358.06,M,GS10,Secretary,52,29
79826.36,M,GS10,Secretary,52,29
102902.28,F,GS11,Accountant,64,35
92041.75,M,GS14,Accountant,50,18
33993.97,F,GS14,Developer,62,17
84853.32,M,GS10,Engineer,23,1
20283.83,M,GS13,Developer,64,3
77455.13,F,GS12,Accountant,21,1
110181.51,M,GS10,Accountant,62,39
36918.12,F,GS15,Engineer,61,17
99464.04,M,GS14,Engineer,25,5
124598.25,F,GS15,Developer,20,0
59942.61,M,GS11,Secretary,28,1
121515.61,F,GS14,Engineer,24,1
127801.97,M,GS14,Developer,22,1
62634.26,F,GS10,Accountant,24,0
43353.76,F,GS11,Engineer,49,4
73581.71,M,GS12,Engineer,49,8
61185.67,M,GS10,Secretary,51,8
156558.92,M,GS15,Accountant,39,19
119493.46,F,GS15,Engineer,42,4
117007.21,M,GS15,FinancialAnalyst,26,3
143144.69,F,GS13,Developer,55,27
34261.99,F,GS12,Accountant,59,3
208665.88,F,GS15,Accountant,61,34
73740.81,M,GS10,Secretary,56,21
135911.86,F,GS15,Engineer,35,13
69033.91,M,GS11,Engineer,37,12
60752.42,M,GS11,Secretary,42,2
65544.09,M,GS11,Engineer,50,13
92047.17,F,GS11,Accountant,63,25
85316.1,M,GS10,Secretary,21,1
55756.0,F,GS11,Engineer,20,0
105477.08,M,GS13,FinancialAnalyst,45,24
64103.35,M,GS10,Developer,20,0
95712.79,M,GS14,FinancialAnalyst,24,3
26200.11,F,GS10,Secretary,56,16
76908.73,M,GS12,Developer,22,1
80962.09,M,GS13,FinancialAnalyst,47,18
77950.79,M,GS12,FinancialAnalyst,32,10
102160.6,M,GS14,Accountant,35,0
85957.83,F,GS10,Engineer,64,34
95188.9,F,GS13,Developer,23,2
121947.87,M,GS13,Developer,41,21
81051.56,F,GS13,Engineer,23,1
62020.35,M,GS11,Secretary,40,2
173178.6,F,GS15,Engineer,59,32
58852.35,M,GS11,Secretary,26,2
138759.55,F,GS14,Developer,48,21
66975.13,M,GS12,FinancialAnalyst,23,1
66315.53,F,GS11,Accountant,41,0
88433.68,M,GS12,Accountant,28,8
69992.8,F,GS11,Secretary,44,10
63112.03,M,GS11,Secretary,37,6
62872.32,M,GS10,Developer,28,3
68566.1,M,GS11,Engineer,61,12
31394.34,F,GS10,Secretary,53,0
86977.86,M,GS13,Accountant,20,0
145366.84,M,GS13,Accountant,55,27
26461.59,M,GS10,Engineer,55,0
71009.83,F,GS10,Secretary,40,18
61447.47,F,GS15,FinancialAnalyst,53,3
94838.06,F,GS13,Accountant,24,3
56520.39,M,GS10,Engineer,40,8
150280.1,M,GS15,Developer,44,13
53004.13,F,GS10,FinancialAnalyst,27,4
66916.95,F,GS11,Accountant,21,1
91953.39,F,GS11,Secretary,49,28
79468.0,M,GS13,FinancialAnalyst,24,0
63303.74,M,GS11,Secretary,43,5
56476.56,M,GS10,Secretary,21,0
77148.67,F,GS12,Developer,29,1
60742.36,M,GS11,Engineer,25,5
140890.73,F,GS15,Developer,45,11
86500.89,F,GS10,Secretary,26,1
112900.83,M,GS13,Engineer,41,18
102910.42,M,GS12,FinancialAnalyst,58,28
65254.52,M,GS10,Engineer,43,15
72356.83,F,GS11,Developer,29,6
68743.77,M,GS11,Secretary,60,11
81694.41,M,GS12,Developer,21,0
52413.34,F,GS11,Secretary,47,4
114810.02,M,GS15,FinancialAnalyst,26,4
138893.04,F,GS15,Developer,59,5
124834.25,F,GS15,Developer,20,0
63965.77,M,GS11,Secretary,40,6
51864.0,F,GS10,Engineer,42,0
14639.39,M,GS10,Secretary,64,20
59255.47,M,GS11,Secretary,23,0
69709.05,F,GS10,Secretary,40,15
52892.96,M,GS10,FinancialAnalyst,23,1
61722.05,F,GS10,Secretary,28,8
86868.93,F,GS11,Secretary,60,31
103143.02,M,GS13,Developer,35,13
40616.65,F,GS11,Secretary,49,0
98930.37,M,GS11,Secretary,54,32
73148.32,F,GS10,Accountant,58,11
93517.01,M,GS11,Secretary,59,37
135840.33,F,GS14,Developer,50,24
59301.07,F,GS11,Secretary,35,2
92082.8,M,GS10,FinancialAnalyst,60,35
51864.0,F,GS10,Engineer,20,0
128962.16,F,GS12,Developer,50,29
53851.58,F,GS10,FinancialAnalyst,29,5
68747.44,M,GS12,FinancialAnalyst,22,1
105270.97,M,GS12,Developer,41,19
114836.63,M,GS11,Secretary,64,39
70475.97,F,GS11,Developer,21,0
73593.84,F,GS12,Developer,47,6
88685.94,F,GS13,FinancialAnalyst,38,5
167110.64,F,GS15,Engineer,52,31
81778.94,M,GS13,Engineer,39,2
98962.41,F,GS13,Developer,26,3
88652.72,F,GS12,Accountant,32,11
114049.96,M,GS13,Developer,46,13
60790.99,F,GS11,Developer,48,6
56273.08,M,GS10,FinancialAnalyst,63,5
68061.89,M,GS10,Secretary,40,13
84891.54,F,GS12,Accountant,44,6
58787.9,M,GS11,Secretary,20,0
66829.0,F,GS12,FinancialAnalyst,29,0
105581.21,F,GS14,Developer,32,0
124231.03,F,GS15,Accountant,23,1
20152.53,F,GS10,Developer,58,0
57594.97,M,GS10,Engineer,32,6
59598.91,M,GS10,Secretary,58,8
79468.0,F,GS13,Engineer,20,0
98744.87,F,GS13,FinancialAnalyst,42,18
62270.68,F,GS10,Accountant,41,3
68062.83,M,GS11,Secretary,48,12
96911.51,M,GS13,FinancialAnalyst,53,14
100104.93,F,GS13,Engineer,49,14
75242.63,F,GS10,Engineer,56,28
74389.67,F,GS10,Secretary,51,29
89301.18,F,GS12,Engineer,35,1
94807.87,F,GS13,Engineer,60,10
85254.61,F,GS12,Developer,25,5
82086.07,F,GS12,Accountant,36,3
40420.59,M,GS12,Developer,51,3
44911.14,F,GS13,Accountant,53,4
146898.31,M,GS13,Developer,60,40
97632.52,F,GS13,Engineer,58,14
37018.93,F,GS13,FinancialAnalyst,53,1
76151.22,F,GS12,Accountant,30,0
69336.93,F,GS11,Engineer,50,15
100820.68,F,GS14,Engineer,29,4
149847.97,F,GS15,Accountant,51,13
80896.02,F,GS11,Secretary,55,25
64812.41,F,GS10,Secretary,32,12
100668.27,F,GS13,Engineer,41,17
90340.17,M,GS12,Developer,51,12
71690.75,M,GS10,Developer,48,5
126511.34,F,GS15,Engineer,40,9
115678.77,F,GS14,Engineer,48,22
120493.0,M,GS14,Accountant,55,8
66111.34,M,GS10,Accountant,51,9
131094.57,M,GS15,Developer,51,5
84647.49,F,GS10,Engineer,52,31
104993.56,F,GS13,Developer,30,10
67809.69,F,GS12,Engineer,37,1
69074.92,M,GS11,Engineer,52,15
93907.0,M,GS14,Engineer,27,0
59326.06,M,GS11,Secretary,20,0
65708.42,F,GS11,Secretary,60,9
55785.47,F,GS10,Secretary,34,2
72574.83,F,GS10,Developer,31,8
83921.31,F,GS11,Secretary,41,20
68844.99,M,GS10,Secretary,35,15
66488.31,F,GS10,Developer,27,4
72203.64,M,GS11,Accountant,27,5
69670.19,F,GS11,FinancialAnalyst,36,15
169960.14,M,GS14,Developer,61,33
58245.07,F,GS11,Secretary,25,0
55756.0,M,GS11,FinancialAnalyst,39,0
46264.04,F,GS12,Developer,53,18
183857.96,F,GS15,Engineer,57,34
89029.6,F,GS12,Developer,36,7
83641.42,F,GS13,Engineer,24,3
71734.04,F,GS11,Developer,23,3
122529.15,M,GS14,Engineer,64,15
208510.79,F,GS15,Accountant,60,37
82021.46,F,GS11,Developer,40,11
81611.46,F,GS11,Secretary,53,21
113283.23,F,GS14,Engineer,27,1
65299.51,F,GS10,Secretary,62,11
54368.79,F,GS10,Secretary,20,0
90466.0,F,GS12,Developer,33,9
75272.39,F,GS15,FinancialAnalyst,50,3
11410.88,F,GS11,Accountant,63,2
104883.17,M,GS15,FinancialAnalyst,51,22
65826.83,M,GS10,Accountant,32,8
80129.33,F,GS13,Accountant,53,22
56339.93,M,GS11,Engineer,25,3
85702.98,M,GS12,Developer,42,6
59856.41,M,GS11,Engineer,44,5
53148.66,M,GS15,FinancialAnalyst,57,22
109196.12,F,GS14,Engineer,39,10
94343.1,F,GS14,Engineer,34,1
132570.76,F,GS13,Developer,61,24
67705.43,F,GS12,Accountant,50,16
63205.11,M,GS10,Secretary,52,9
144596.13,F,GS15,Developer,42,8
61217.89,F,GS11,Engineer,33,4
67778.85,M,GS10,Engineer,41,15
71485.61,F,GS10,Secretary,38,18
31150.45,M,GS14,Engineer,62,19
131409.13,M,GS15,FinancialAnalyst,56,9
88230.89,F,GS13,Accountant,30,0
93907.0,F,GS14,Engineer,21,0
126693.64,M,GS15,FinancialAnalyst,53,11
66706.43,F,GS11,Developer,34,1
32722.78,F,GS11,Engineer,54,2
119861.64,F,GS15,Engineer,31,6
162846.76,M,GS14,Engineer,57,36
82346.18,M,GS10,Developer,41,18
76906.37,F,GS12,Engineer,28,8
91706.0,F,GS11,Secretary,56,29
99589.08,F,GS14,FinancialAnalyst,34,7
119311.68,M,GS12,Accountant,47,26
92629.04,M,GS13,Accountant,26,3
74146.08,F,GS10,Accountant,38,14
94236.55,M,GS10,Secretary,63,38
64611.67,M,GS10,Secretary,35,12
77849.88,M,GS11,Accountant,64,10
134433.72,M,GS15,Accountant,38,6
88575.14,M,GS12,Developer,34,1
80733.0,F,GS13,FinancialAnalyst,45,2
110381.1,F,GS14,FinancialAnalyst,47,17
84280.34,M,GS12,Accountant,41,11
44117.94,F,GS10,FinancialAnalyst,49,18
194624.02,M,GS15,Accountant,47,25
66353.0,F,GS11,Secretary,34,10
81234.5,F,GS11,Developer,33,12
85084.92,F,GS10,Secretary,55,34
57353.44,M,GS11,Engineer,26,3
92713.9,M,GS14,Developer,50,0
82536.92,F,GS12,Developer,24,1
29662.5,F,GS10,FinancialAnalyst,51,6
100560.63,F,GS14,Engineer,36,3
15964.53,M,GS10,Secretary,60,6
65938.78,F,GS13,Accountant,51,17
76475.68,F,GS13,Engineer,48,18
16277.29,F,GS11,Accountant,63,17
55756.0,M,GS11,FinancialAnalyst,30,0
117470.88,F,GS14,Engineer,44,16
88956.12,M,GS10,Engineer,64,33
102196.33,M,GS13,Developer,35,8
113671.3,F,GS15,FinancialAnalyst,25,2
68198.13,M,GS12,Engineer,22,2
57406.12,F,GS11,Engineer,41,5
69608.7,F,GS10,Accountant,41,10
97215.49,M,GS13,Developer,38,3
88415.44,M,GS13,FinancialAnalyst,28,7
110460.0,M,GS15,FinancialAnalyst,20,0
82674.07,F,GS11,Secretary,22,1
79423.72,M,GS10,Secretary,62,27
142174.79,M,GS14,Developer,39,19
102058.06,F,GS12,Developer,39,15
97006.62,F,GS13,FinancialAnalyst,43,16
107806.91,F,GS14,Developer,24,3
59577.06,F,GS11,Secretary,21,0
122976.77,M,GS15,Developer,28,2
103962.76,M,GS14,Accountant,27,0
79552.15,F,GS11,Secretary,39,16
93907.0,M,GS14,Engineer,35,0
61615.32,F,GS10,Secretary,31,10
55756.0,M,GS11,FinancialAnalyst,26,0
96461.31,F,GS11,Developer,31,1
55649.19,F,GS10,Engineer,23,3
65061.86,F,GS10,FinancialAnalyst,40,17
39264.86,F,GS15,Developer,58,1
111314.29,F,GS14,Developer,48,18
121422.93,M,GS14,Developer,31,10
52585.36,M,GS10,FinancialAnalyst,22,1
114483.77,M,GS13,FinancialAnalyst,51,25
97964.65,M,GS11,Secretary,59,37
108326.21,F,GS14,Developer,42,2
59223.08,F,GS10,Engineer,30,10
67511.35,F,GS10,Developer,37,3
74331.94,M,GS11,Developer,40,1
118279.12,M,GS13,Developer,44,16
92453.31,F,GS13,Engineer,30,9
66584.0,F,GS11,Secretary,29,9
91403.33,F,GS10,Secretary,28,1
67813.8,F,GS10,Secretary,38,11
61330.4,F,GS10,Secretary,45,4
82089.38,M,GS10,Developer,45,21
22016.41,M,GS11,FinancialAnalyst,60,17
106886.01,F,GS14,Engineer,55,7
15095.72,F,GS10,Secretary,63,19
153804.0,M,GS15,Developer,41,16
76198.33,M,GS10,Secretary,56,24
98129.88,F,GS13,Accountant,47,7
37127.09,M,GS10,Secretary,57,19
102886.64,F,GS12,Developer,46,14
115881.02,M,GS15,Developer,48,16
94732.77,M,GS10,Developer,56,30
85538.21,F,GS14,FinancialAnalyst,46,2
76253.87,F,GS10,Secretary,45,19
54821.76,F,GS10,Engineer,35,3
47299.69,F,GS15,Developer,59,3
35694.47,F,GS12,Engineer,54,0
68828.01,F,GS11,FinancialAnalyst,44,16
62244.67,M,GS10,Accountant,44,0
55259.68,F,GS10,Secretary,22,0
51864.0,M,GS10,FinancialAnalyst,27,0
71197.69,M,GS11,Secretary,52,14
80542.07,M,GS11,Developer,39,15
92530.22,F,GS13,Accountant,30,3
62410.78,M,GS10,FinancialAnalyst,47,13
27902.69,M,GS10,Secretary,57,6
81911.72,F,GS11,FinancialAnalyst,46,23
82113.81,F,GS11,Engineer,60,29
87090.33,F,GS12,Engineer,47,19
28378.64,M,GS15,Developer,64,6
111436.72,F,GS14,Accountant,36,4
32777.93,F,GS10,FinancialAnalyst,57,4
74109.82,F,GS11,Secretary,51,14
139282.5,M,GS15,Engineer,22,1
102360.73,F,GS13,Developer,35,10
77100.37,M,GS12,Developer,31,0
66829.0,F,GS12,Engineer,22,0
69043.41,F,GS11,Engineer,61,13
70968.6,F,GS11,Accountant,28,7
99540.65,M,GS14,FinancialAnalyst,33,4
90336.57,M,GS12,FinancialAnalyst,40,19
57300.56,M,GS13,Developer,49,0
59224.64,F,GS11,FinancialAnalyst,41,4
142137.06,F,GS15,Engineer,38,17
117825.04,M,GS15,Engineer,40,5
61070.75,M,GS11,Secretary,36,0
135417.58,M,GS14,Accountant,36,16
108509.15,F,GS14,Engineer,42,8
62503.11,M,GS10,Secretary,38,12
87083.89,F,GS13,Engineer,41,7
70910.58,F,GS12,FinancialAnalyst,30,6
107500.84,F,GS13,Developer,26,1
55558.29,M,GS10,Secretary,55,1
113485.77,F,GS14,FinancialAnalyst,47,16
60046.74,F,GS10,Secretary,27,5
59800.73,F,GS11,FinancialAnalyst,27,5
63183.48,M,GS10,Engineer,31,11
79699.07,F,GS12,Accountant,29,2
70901.41,F,GS12,FinancialAnalyst,54,5
96845.93,F,GS13,Accountant,26,6
65230.13,M,GS11,Secretary,58,5
45408.68,F,GS14,FinancialAnalyst,57,4
60449.54,M,GS11,Secretary,21,1
15529.68,M,GS11,FinancialAnalyst,64,22
104448.83,F,GS13,Developer,49,5
36983.11,M,GS13,Accountant,56,4
100254.11,M,GS14,FinancialAnalyst,64,5
36716.74,F,GS12,FinancialAnalyst,52,2
59852.12,F,GS11,Secretary,26,2
46078.19,M,GS11,Accountant,55,19
72215.87,F,GS10,Accountant,36,9
57012.44,M,GS11,Secretary,24,0
109282.99,M,GS14,Engineer,61,8
46631.85,F,GS10,Accountant,52,16
10086.06,F,GS11,Engineer,64,0
84777.68,M,GS15,Accountant,52,22
114447.43,M,GS13,Developer,58,13
145252.43,F,GS15,Developer,34,11
98758.91,M,GS14,Engineer,36,3
59811.49,F,GS11,Secretary,33,2
40288.64,M,GS12,FinancialAnalyst,54,0
124467.38,F,GS15,Accountant,27,3
160584.11,F,GS14,Accountant,52,25
147752.87,M,GS13,Developer,55,31
132827.86,M,GS15,Accountant,51,8
95055.18,F,GS14,Engineer,22,2
69651.69,M,GS11,Accountant,27,7
77496.46,M,GS10,Accountant,49,14
116827.74,F,GS11,Developer,64,37
57080.77,F,GS10,Secretary,28,5
125164.7,M,GS12,Developer,58,32
116150.43,F,GS14,Developer,59,5
145791.98,M,GS14,Engineer,62,32
106009.87,F,GS14,FinancialAnalyst,45,11
92926.31,M,GS12,Developer,38,15
62328.62,F,GS10,Secretary,43,14
85753.84,M,GS12,Developer,27,5
106093.36,F,GS14,Engineer,34,7
129163.32,M,GS14,Developer,54,13
124547.95,M,GS11,Developer,64,39
77504.53,M,GS10,Developer,27,4
54622.6,M,GS10,Secretary,29,2
100071.67,F,GS10,Developer,52,32
75352.31,M,GS12,Engineer,47,19
54160.53,M,GS10,Engineer,25,2
62016.73,F,GS11,Engineer,48,18
63235.69,M,GS10,Secretary,33,12
55919.48,F,GS10,Secretary,26,2
150327.27,M,GS13,Developer,59,37
80617.1,M,GS11,Developer,30,10
100690.9,F,GS12,Developer,54,15
79355.08,M,GS10,Developer,44,12
99951.24,F,GS11,Accountant,58,24
71156.49,M,GS11,Secretary,33,10
86208.68,F,GS13,FinancialAnalyst,26,6
55088.96,M,GS10,Engineer,29,3
70370.82,M,GS11,Accountant,29,4
122053.11,M,GS13,Accountant,51,24
110695.09,M,GS12,Developer,21,1
35642.71,M,GS14,Accountant,63,19
89496.87,M,GS13,FinancialAnalyst,34,12
64342.54,M,GS11,FinancialAnalyst,36,9
59711.15,M,GS10,FinancialAnalyst,38,12
121651.05,F,GS15,Accountant,20,0
82848.75,F,GS12,Accountant,27,6
59453.0,M,GS11,Secretary,22,0
120199.77,F,GS14,Engineer,45,16
85458.48,F,GS10,Developer,23,1
38985.22,F,GS11,Secretary,55,22
124911.97,F,GS15,Engineer,54,9
96939.26,M,GS14,FinancialAnalyst,35,3
55756.0,M,GS11,FinancialAnalyst,34,0
126079.08,F,GS13,Engineer,49,27
68189.25,M,GS11,Accountant,27,3
115162.81,F,GS12,Developer,64,25
58056.77,F,GS11,FinancialAnalyst,28,4
152021.99,M,GS15,Developer,39,14
100337.45,F,GS12,Accountant,40,15
95312.5,M,GS13,Accountant,35,5
121687.95,F,GS15,Accountant,25,0
93424.06,F,GS13,FinancialAnalyst,59,9
73343.23,F,GS11,Developer,36,3
69154.39,M,GS10,Secretary,35,15
24287.71,M,GS10,Secretary,55,3
107294.72,M,GS14,Engineer,31,7
78677.69,M,GS12,Accountant,24,3
124315.76,M,GS15,Accountant,24,3
44237.38,F,GS10,Secretary,48,0
115088.62,F,GS15,FinancialAnalyst,23,3
115948.09,F,GS14,Engineer,61,15
118813.09,F,GS13,Accountant,42,18
120564.03,F,GS13,Engineer,55,27
55977.7,M,GS12,Developer,50,3
68090.28,M,GS11,Engineer,64,13
135928.54,F,GS13,Accountant,49,27
72208.47,M,GS11,Secretary,37,13
117679.44,F,GS15,FinancialAnalyst,30,3
62807.76,F,GS15,FinancialAnalyst,56,20
106738.07,F,GS11,Developer,53,31
100310.87,M,GS13,Accountant,29,7
44336.25,F,GS10,Secretary,53,16
60627.82,F,GS10,Secretary,39,10
21192.14,F,GS10,Developer,58,4
121624.57,M,GS12,Developer,51,25
57841.18,M,GS10,Secretary,29,4
51864.0,M,GS10,Engineer,22,0
90724.62,F,GS13,Engineer,35,14
76374.84,F,GS11,Accountant,33,9
67333.4,F,GS10,Accountant,44,6
64660.49,F,GS10,Secretary,38,10
120367.64,M,GS14,Developer,36,5
77383.34,F,GS12,Accountant,27,0
82600.15,F,GS13,Engineer,23,3
115031.25,M,GS14,FinancialAnalyst,33,12
46256.7,M,GS14,Engineer,55,17
55835.28,M,GS10,Secretary,20,0
86404.16,F,GS11,Engineer,59,28
103082.53,M,GS14,FinancialAnalyst,43,8
125498.96,F,GS13,Accountant,46,26
70245.91,M,GS11,Secretary,41,11
71972.77,F,GS11,Accountant,25,4
18376.38,M,GS11,Engineer,60,6
91830.99,M,GS10,Developer,43,22
120631.1,M,GS15,Accountant,43,0
61879.32,F,GS10,Secretary,49,17
73123.77,M,GS12,Engineer,28,6
61803.32,M,GS10,Secretary,28,6
101989.31,M,GS13,Developer,48,5
59040.21,F,GS15,Developer,57,3
121999.34,F,GS15,Accountant,27,0
90404.46,F,GS14,Developer,50,4
116549.89,F,GS15,Engineer,27,4
119663.18,F,GS15,FinancialAnalyst,26,3
83393.16,F,GS10,Accountant,59,21
51864.0,F,GS10,Engineer,22,0
51864.0,M,GS10,FinancialAnalyst,26,0
71752.43,M,GS11,Secretary,38,17
152068.34,M,GS15,Accountant,49,22
78811.63,M,GS10,Accountant,40,17
93384.16,F,GS13,FinancialAnalyst,35,10
135628.14,F,GS14,Accountant,44,22
107726.59,M,GS11,Secretary,60,39
70272.35,F,GS12,FinancialAnalyst,25,2
188145.56,M,GS14,FinancialAnalyst,63,42
110460.0,F,GS15,FinancialAnalyst,20,0
92946.83,M,GS12,Developer,36,10
34880.71,M,GS12,Developer,57,22
57034.65,M,GS10,FinancialAnalyst,38,5
55756.0,M,GS11,Engineer,28,0
83087.18,M,GS12,Developer,21,1
57766.36,M,GS11,FinancialAnalyst,24,2
20130.74,M,GS10,Secretary,60,3
105085.36,F,GS14,Engineer,41,11
100395.45,M,GS13,Developer,32,4
92983.42,M,GS13,Developer,25,3
98008.09,M,GS12,FinancialAnalyst,55,28
78135.69,F,GS11,Accountant,43,9
59308.89,F,GS11,Secretary,33,0
69044.8,M,GS11,Secretary,43,10
23488.77,F,GS12,Developer,60,0
118279.73,F,GS12,Developer,51,30
64619.79,F,GS13,Engineer,48,3
120006.74,F,GS15,Developer,20,0
85666.56,M,GS11,Secretary,50,29
98500.19,M,GS14,FinancialAnalyst,34,3
100853.69,M,GS10,Accountant,56,34
69748.06,F,GS11,Secretary,40,9
101145.86,F,GS13,Accountant,61,9
71835.71,F,GS11,FinancialAnalyst,23,1
103531.81,F,GS14,Engineer,26,6
56283.12,F,GS10,Secretary,27,2
81605.26,F,GS13,Engineer,28,1
96633.14,M,GS11,Secretary,62,35
75530.86,F,GS11,Secretary,46,1
141692.59,F,GS15,Accountant,48,22
84758.36,F,GS13,Engineer,43,4
23292.8,M,GS13,Accountant,64,6
55962.57,M,GS10,Secretary,34,0
125362.61,F,GS15,Engineer,39,8
99958.11,F,GS11,Developer,50,25
86101.8,M,GS13,Engineer,26,6
94738.12,F,GS13,Developer,25,2
42544.93,M,GS15,Accountant,59,6
65511.18,F,GS10,Accountant,28,3
112885.9,F,GS14,Accountant,29,6
65887.31,F,GS10,Secretary,33,10
83370.83,M,GS10,FinancialAnalyst,54,29
79547.23,F,GS12,Developer,28,2
126476.17,F,GS15,Accountant,34,4
71017.95,M,GS11,Secretary,35,10
113834.74,M,GS15,FinancialAnalyst,33,4
98333.42,F,GS12,FinancialAnalyst,21,1
99795.0,M,GS12,FinancialAnalyst,63,26
78410.9,M,GS10,Developer,32,11
75936.12,F,GS12,Accountant,34,0
53341.73,F,GS10,Engineer,28,2
84229.92,M,GS10,Secretary,54,26
61738.73,F,GS11,Secretary,26,4
77915.08,F,GS11,Accountant,30,9
56812.93,F,GS10,Secretary,24,3
108578.82,M,GS13,Engineer,30,1
120848.13,F,GS15,Engineer,30,7
137650.47,M,GS15,Accountant,62,10
84285.43,M,GS10,Accountant,40,16
62530.85,F,GS10,Secretary,51,9
64034.74,F,GS11,FinancialAnalyst,38,9
179732.43,M,GS15,Engineer,53,32
77343.27,F,GS11,Secretary,25,1
126005.54,M,GS15,Engineer,28,8
91324.39,F,GS12,FinancialAnalyst,56,21
133938.24,M,GS15,Engineer,47,14
63322.39,F,GS10,Secretary,55,9
82796.9,M,GS12,FinancialAnalyst,49,12
54435.41,M,GS15,FinancialAnalyst,58,20
66309.74,F,GS11,Secretary,28,7
112000.26,M,GS13,Accountant,25,1
56193.98,M,GS10,Secretary,24,2
117257.63,M,GS13,Engineer,53,26
88797.45,F,GS13,Accountant,23,0
59587.02,F,GS10,Secretary,28,3
55832.52,F,GS10,Secretary,20,0
95472.08,F,GS14,FinancialAnalyst,21,1
66678.5,M,GS11,Accountant,32,1
55756.0,F,GS11,Engineer,21,0
113877.82,M,GS10,Accountant,61,38
83707.4,F,GS12,Developer,55,10
61480.83,M,GS11,Secretary,25,4
78607.42,F,GS11,Secretary,43,19
47983.66,F,GS10,Secretary,50,22
74082.01,M,GS11,Developer,41,12
64758.27,F,GS11,FinancialAnalyst,39,10
131081.25,F,GS15,Engineer,42,14
141780.79,F,GS15,Developer,40,9
144391.01,M,GS15,Accountant,47,11
63405.97,M,GS11,FinancialAnalyst,50,13
38432.23,M,GS10,Secretary,50,3
124886.85,F,GS15,Developer,21,0
109872.73,M,GS12,Accountant,45,24
71093.46,M,GS12,Engineer,28,5
60033.93,F,GS10,FinancialAnalyst,52,8
159168.39,M,GS14,Developer,59,28
89714.9,F,GS14,Developer,47,1
64984.95,F,GS11,Engineer,36,10
86156.4,F,GS13,FinancialAnalyst,29,5
61416.22,F,GS10,Engineer,35,11
125894.64,F,GS15,FinancialAnalyst,26,6
76053.2,F,GS12,Engineer,36,8
108580.02,M,GS14,Developer,24,1
68205.66,M,GS11,FinancialAnalyst,43,16
60550.23,F,GS11,Secretary,25,2
72610.18,M,GS11,Engineer,46,23
155493.45,M,GS14,Developer,58,25
129644.1,M,GS15,Accountant,51,7
87716.45,M,GS12,Accountant,27,7
97438.59,M,GS14,FinancialAnalyst,23,2
140022.02,F,GS15,FinancialAnalyst,46,14
74446.65,F,GS11,Developer,50,7
51472.11,M,GS11,Secretary,49,4
82504.34,M,GS10,Accountant,44,20
58529.87,M,GS11,Secretary,21,0
79973.52,M,GS10,Developer,35,11
86936.23,F,GS12,Accountant,32,10
104477.32,F,GS14,Developer,27,1
60347.27,F,GS11,Secretary,27,4
102992.59,F,GS13,FinancialAnalyst,43,19
55673.82,F,GS10,Secretary,26,2
201128.2,M,GS15,FinancialAnalyst,61,35
58200.04,F,GS10,Secretary,36,6
89911.06,M,GS10,Secretary,62,30
81417.17,F,GS13,Engineer,23,3
105543.85,M,GS13,Developer,58,9
59290.29,M,GS11,Secretary,22,0
81392.49,F,GS12,Engineer,62,14
101410.38,F,GS12,Engineer,22,1
177583.91,M,GS15,Developer,62,26
49535.37,M,GS10,Secretary,47,2
60723.76,M,GS11,Secretary,20,0
75928.6,M,GS10,Developer,36,11
90637.24,M,GS13,Engineer,54,12
51864.0,M,GS10,Engineer,20,0
34573.88,F,GS10,Secretary,53,4
111168.02,F,GS13,FinancialAnalyst,60,24
91327.0,F,GS10,Developer,54,23
130167.19,M,GS12,Accountant,61,38
118995.87,F,GS14,Developer,37,9
59178.11,M,GS10,Secretary,32,6
148099.53,F,GS13,FinancialAnalyst,61,40
60250.39,M,GS10,FinancialAnalyst,47,18
109773.56,F,GS12,Developer,34,1
110460.0,M,GS15,Engineer,22,0
43849.31,F,GS10,Accountant,53,18
123575.48,F,GS15,Developer,34,1
43067.89,F,GS11,Secretary,49,1
54622.82,F,GS10,Engineer,38,4
129726.17,M,GS15,FinancialAnalyst,28,8
83090.79,F,GS11,Developer,34,9
60762.67,F,GS10,Engineer,34,12
88533.27,F,GS13,Engineer,47,20
61505.85,F,GS11,Secretary,28,3
81067.19,F,GS12,FinancialAnalyst,31,11
80295.24,F,GS12,Developer,43,3
56024.69,F,GS10,Engineer,27,4
131303.64,M,GS15,Engineer,45,12
109546.25,F,GS13,Developer,42,14
96702.59,M,GS13,Developer,39,5
106597.58,M,GS14,Developer,31,0
93749.27,M,GS10,Secretary,58,32
108744.39,F,GS14,Developer,28,4
67719.47,F,GS10,FinancialAnalyst,54,15
140114.69,F,GS14,Developer,41,21
96414.18,M,GS13,FinancialAnalyst,46,12
69857.96,M,GS12,FinancialAnalyst,45,4
51864.0,M,GS10,Engineer,25,0
64086.6,M,GS11,FinancialAnalyst,36,11
72016.3,F,GS10,FinancialAnalyst,43,22
69108.19,M,GS11,Secretary,50,12
64254.26,F,GS11,Secretary,38,4
119023.14,M,GS15,FinancialAnalyst,53,7
89841.86,M,GS13,Developer,21,1
59225.04,F,GS11,Secretary,23,1
60991.32,M,GS11,Secretary,39,2
87256.23,F,GS10,FinancialAnalyst,61,28
123510.89,M,GS14,Developer,36,9
105647.68,M,GS14,Engineer,25,5
80962.9,F,GS10,Secretary,49,25
70762.86,M,GS11,Developer,26,2
66149.0,M,GS11,Engineer,30,10
67650.62,M,GS12,FinancialAnalyst,25,3
118854.0,M,GS12,Developer,62,27
123918.3,F,GS14,Accountant,30,7
40737.45,M,GS15,Accountant,60,3
121313.3,F,GS14,Accountant,55,11
57242.66,M,GS10,FinancialAnalyst,33,8
74199.04,F,GS11,Developer,60,13
105774.09,M,GS14,Developer,28,3
81950.86,F,GS10,Secretary,23,1
51926.76,F,GS10,Developer,52,20
119730.22,F,GS13,Engineer,47,25
58999.99,M,GS10,FinancialAnalyst,37,13
78279.7,F,GS10,Engineer,51,26
76094.33,F,GS11,Accountant,41,11
57912.34,F,GS14,Accountant,57,16
80672.02,M,GS10,Developer,47,18
152089.89,F,GS15,Developer,38,12
126972.16,M,GS13,Developer,52,21
65335.92,M,GS10,Secretary,44,12
65641.33,M,GS10,Developer,25,2
49739.3,F,GS10,Secretary,50,22
114117.42,F,GS15,Developer,48,6
52262.05,M,GS11,Secretary,46,4
37880.44,F,GS14,FinancialAnalyst,60,17
95580.41,F,GS13,Accountant,43,5
37936.87,F,GS12,Developer,57,2
79468.0,F,GS13,Engineer,27,0
120716.15,M,GS15,Accountant,20,0
54297.81,F,GS10,Secretary,22,0
19964.77,M,GS10,Developer,64,17
112743.85,M,GS14,Developer,38,8
188854.8,M,GS15,FinancialAnalyst,56,33
86925.13,M,GS13,FinancialAnalyst,28,6
70292.08,F,GS11,Secretary,42,14
73595.82,F,GS11,Accountant,39,10
90562.03,M,GS11,Developer,60,15
59183.5,M,GS11,Engineer,32,6
142178.04,M,GS15,Accountant,44,10
115184.66,M,GS14,Engineer,47,22
25759.66,F,GS14,Engineer,64,2
85492.43,M,GS12,Developer,45,8
60348.3,M,GS10,Accountant,35,0
81643.75,F,GS13,Engineer,23,2
74950.32,F,GS10,Secretary,44,21
109028.72,F,GS14,Developer,23,1
161404.12,M,GS15,Accountant,36,16
17501.07,M,GS10,Engineer,62,2
53110.3,F,GS10,Engineer,25,3
83141.93,F,GS12,Accountant,31,4
66829.0,F,GS12,FinancialAnalyst,20,0
163373.78,F,GS15,FinancialAnalyst,51,25
92243.41,F,GS13,Developer,41,3
165780.9,F,GS15,Engineer,49,29
93907.0,M,GS14,Engineer,20,0
75866.55,F,GS11,Secretary,38,16
78854.59,F,GS12,Accountant,22,1
18621.44,F,GS12,Engineer,59,18
88197.05,M,GS13,Engineer,38,7
83767.73,F,GS11,Accountant,37,10
126054.23,M,GS11,Developer,63,38
70075.47,M,GS11,Developer,25,2
21779.1,M,GS10,Engineer,60,18
83413.4,M,GS12,Developer,29,4
74577.26,M,GS11,Secretary,35,14
122716.91,F,GS12,Developer,63,31
122452.96,M,GS15,FinancialAnalyst,57,8
61248.84,F,GS11,Secretary,35,5
33418.54,M,GS11,Secretary,59,18
120026.11,F,GS14,Accountant,32,10
105710.86,M,GS14,Developer,35,3
74817.79,F,GS11,Developer,40,4
97090.14,F,GS11,Secretary,56,30
123141.83,F,GS10,Developer,58,38
132431.38,M,GS15,Accountant,34,6
132303.32,F,GS14,Accountant,40,18
113630.64,M,GS15,Engineer,43,2
179499.45,M,GS15,Developer,59,39
51222.18,F,GS15,Accountant,63,1
118092.6,F,GS14,Engineer,58,15
109778.28,M,GS13,Developer,37,15
74665.9,M,GS12,FinancialAnalyst,38,11
54328.68,F,GS10,FinancialAnalyst,23,2
128926.38,F,GS15,FinancialAnalyst,53,10
44537.5,M,GS10,Secretary,50,17
110523.89,F,GS13,Engineer,21,1
117993.98,F,GS14,Developer,35,6
97299.78,M,GS12,Engineer,22,1
56489.91,F,GS10,Engineer,46,8
106838.27,F,GS14,Accountant,35,1
66260.42,M,GS11,Accountant,21,0
24308.63,M,GS10,Secretary,58,0
155987.59,M,GS15,FinancialAnalyst,45,23
88924.69,F,GS13,Accountant,22,0
107368.81,F,GS14,Engineer,46,17
135462.2,F,GS15,Developer,34,7
69412.84,F,GS12,FinancialAnalyst,32,2
82501.85,M,GS13,FinancialAnalyst,25,2
79468.0,F,GS13,Engineer,26,0
95344.02,M,GS12,Accountant,50,14
158456.82,F,GS15,Accountant,45,23
195532.86,F,GS15,Developer,52,28
56515.5,F,GS11,FinancialAnalyst,25,2
53209.33,F,GS10,Engineer,25,2
55756.0,M,GS11,FinancialAnalyst,31,0
22076.71,M,GS12,FinancialAnalyst,57,1
99774.55,F,GS14,Engineer,30,6
53299.68,M,GS10,Secretary,28,0
110460.0,F,GS15,FinancialAnalyst,20,0
124042.16,M,GS14,Accountant,57,8
96399.66,M,GS13,FinancialAnalyst,24,1
64863.07,M,GS11,Secretary,40,7
97514.92,M,GS14,Engineer,28,2
58574.25,M,GS11,Secretary,23,3
96821.68,F,GS13,Accountant,28,4
56843.56,F,GS10,Secretary,43,4
89330.29,M,GS13,Accountant,20,0
67020.85,F,GS10,FinancialAnalyst,43,15
110996.37,M,GS14,Developer,31,1
64331.68,M,GS11,FinancialAnalyst,30,10
49318.56,M,GS12,FinancialAnalyst,51,18
82320.94,F,GS12,Developer,28,7
55727.82,M,GS10,Secretary,22,2
63536.77,M,GS10,Secretary,32,7
135231.05,M,GS15,Engineer,59,14
55667.88,M,GS10,Engineer,56,5
109794.26,F,GS12,Developer,44,19
80256.46,F,GS11,Accountant,55,14
115119.38,F,GS15,Accountant,48,18
142070.13,F,GS13,Developer,55,29
109086.98,F,GS14,FinancialAnalyst,37,12
63626.67,M,GS10,Engineer,43,15
51864.0,M,GS10,FinancialAnalyst,30,0
68009.03,F,GS11,Secretary,49,7
81469.27,F,GS10,Accountant,41,18
58992.39,M,GS10,Secretary,31,5
108912.34,F,GS13,Engineer,42,17
66829.0,F,GS12,Engineer,21,0
72712.25,M,GS10,Accountant,48,10
57588.99,F,GS11,Engineer,25,2
39079.43,M,GS12,FinancialAnalyst,55,4
54339.25,M,GS10,Engineer,39,5
55781.78,F,GS14,Developer,59,19
64162.67,F,GS11,Accountant,36,3
70161.99,M,GS11,Secretary,62,13
109731.52,F,GS14,Engineer,32,8
67918.52,F,GS10,Accountant,44,6
55756.0,F,GS11,Engineer,42,0
105973.21,F,GS14,Developer,20,0
71662.41,M,GS10,Accountant,37,12
75456.71,F,GS11,Accountant,52,14
59977.0,M,GS10,Secretary,26,4
112172.18,M,GS14,Engineer,45,11
58802.75,M,GS10,FinancialAnalyst,45,9
68346.67,F,GS11,Secretary,64,11
117325.2,F,GS15,FinancialAnalyst,29,6
80615.02,F,GS11,FinancialAnalyst,51,25
75069.27,M,GS11,Secretary,41,16
93907.0,M,GS14,Engineer,35,0
77867.2,F,GS11,Engineer,61,26
105132.21,M,GS14,FinancialAnalyst,44,9
79949.21,M,GS13,Engineer,21,1
72294.82,M,GS11,Secretary,33,13
104118.42,M,GS14,Accountant,20,0
67211.46,M,GS10,Secretary,30,10
119479.94,F,GS15,FinancialAnalyst,31,6
34548.2,M,GS12,Engineer,58,20
77657.02,M,GS15,Developer,53,16
50813.38,M,GS11,Secretary,52,20
85772.55,M,GS13,Engineer,28,4
104438.88,F,GS13,Developer,26,6
106508.53,F,GS13,FinancialAnalyst,53,21
65762.78,M,GS11,Secretary,39,9
90092.41,F,GS13,Developer,25,5
88249.55,F,GS13,Accountant,22,0
93907.0,F,GS14,FinancialAnalyst,20,0
81064.11,F,GS10,Secretary,60,28
86016.64,F,GS11,Engineer,49,29
120359.24,F,GS13,Developer,23,1
127445.31,F,GS14,FinancialAnalyst,39,1
28031.78,F,GS10,Secretary,53,0
91614.68,F,GS11,Developer,49,27
79782.87,M,GS12,Engineer,36,13
107284.85,M,GS14,Engineer,35,9
120916.86,M,GS14,Accountant,44,11
120246.55,F,GS14,FinancialAnalyst,39,14
54973.37,F,GS10,Secretary,38,0
77019.46,M,GS11,Secretary,40,18
79172.57,F,GS14,FinancialAnalyst,51,22
63705.46,F,GS11,Secretary,39,6
98585.68,M,GS12,Engineer,60,28
74256.33,M,GS11,Developer,55,5
18469.29,M,GS11,Secretary,61,0
41193.13,M,GS12,Engineer,49,0
66287.37,M,GS10,Secretary,33,13
100143.98,M,GS12,Developer,58,15
67244.01,F,GS10,Secretary,47,13
129081.15,M,GS12,Developer,57,35
85990.42,M,GS12,Accountant,31,5
53281.83,F,GS14,Developer,57,3
113451.37,F,GS12,Developer,21,1
60908.47,F,GS10,FinancialAnalyst,48,19
115758.69,M,GS13,FinancialAnalyst,58,25
177786.28,F,GS15,Engineer,62,30
84754.08,M,GS12,Accountant,27,4
116795.61,F,GS15,Accountant,48,6
72469.19,F,GS11,Secretary,48,13
85665.64,M,GS10,Developer,59,26
93907.0,M,GS14,FinancialAnalyst,25,0
57874.98,F,GS10,Secretary,23,3
117642.27,F,GS13,FinancialAnalyst,61,27
130048.98,F,GS13,Developer,54,23
80164.54,M,GS12,Accountant,24,2
152493.15,F,GS13,Accountant,61,34
92425.51,M,GS13,Developer,27,4
52508.26,F,GS10,FinancialAnalyst,26,3
40560.53,M,GS12,Accountant,55,0
51381.96,F,GS11,FinancialAnalyst,52,18
145275.03,F,GS15,Developer,35,15
27720.24,F,GS11,Secretary,57,4
78905.44,M,GS12,Engineer,37,12
85016.34,M,GS10,Engineer,33,1
88350.71,F,GS13,FinancialAnalyst,42,5
25423.1,M,GS15,Engineer,63,18
63844.76,M,GS10,Accountant,35,3
77754.45,F,GS10,Developer,37,14
81781.01,F,GS10,FinancialAnalyst,54,32
26892.12,F,GS11,Secretary,58,18
58946.88,M,GS11,Engineer,25,3
115028.98,M,GS11,Secretary,61,41
67999.43,M,GS11,FinancialAnalyst,53,13
125072.7,F,GS15,Accountant,29,2
110862.76,M,GS15,Engineer,22,1
34004.89,F,GS11,Engineer,53,20
104405.24,M,GS12,Engineer,63,31
80536.61,M,GS12,Accountant,40,3
112773.95,M,GS14,Developer,27,7
150958.31,F,GS14,FinancialAnalyst,62,33
80476.97,F,GS10,Developer,46,11
69492.78,M,GS10,Engineer,21,1
55339.14,F,GS11,FinancialAnalyst,47,18
66829.0,F,GS12,Engineer,29,0
135333.83,F,GS15,Accountant,30,9
86567.23,M,GS13,Engineer,27,6
61062.38,M,GS11,Secretary,25,5
88177.79,M,GS12,Developer,44,8
53622.11,M,GS10,Secretary,30,0
106615.03,M,GS10,Secretary,64,42
71758.88,M,GS10,Developer,31,9
62406.93,M,GS10,Accountant,41,0
17733.66,F,GS11,Secretary,62,19
68218.68,M,GS11,Secretary,35,10
81437.33,F,GS12,Accountant,43,4
77189.56,M,GS12,Engineer,48,10
55870.82,M,GS10,Secretary,52,5
124185.84,M,GS14,Engineer,42,20
110460.0,F,GS15,Engineer,41,0
61930.94,M,GS10,Developer,37,0
55607.45,F,GS10,Engineer,48,5
66310.91,F,GS10,Engineer,42,16
69959.57,M,GS11,Accountant,22,2
107299.98,M,GS14,FinancialAnalyst,56,10
162771.83,M,GS14,Developer,57,27
89948.37,F,GS13,Accountant,23,1
107430.0,M,GS11,Developer,64,29
55724.31,F,GS10,Secretary,24,0
49767.0,F,GS14,FinancialAnalyst,63,1
57007.85,M,GS11,FinancialAnalyst,22,2
114178.16,M,GS13,Developer,59,12
89460.36,M,GS11,Secretary,52,25
99103.48,M,GS11,Secretary,56,36
207277.15,F,GS15,Developer,64,35
123687.03,F,GS15,Engineer,62,8
56700.87,M,GS10,Secretary,42,4
83552.62,F,GS11,FinancialAnalyst,52,25
61834.11,M,GS15,Engineer,56,20
132312.16,M,GS15,Engineer,45,12
70835.41,M,GS11,Secretary,42,11
38211.59,M,GS15,Accountant,61,18
88804.99,M,GS12,Accountant,33,11
154798.45,M,GS14,Accountant,56,27
76173.14,F,GS11,Secretary,38,15
96246.47,F,GS13,Engineer,50,12
139976.2,M,GS15,Developer,34,7
41531.12,M,GS11,Accountant,56,20
55750.2,F,GS10,FinancialAnalyst,33,5
125975.88,M,GS15,Accountant,24,3
159108.13,M,GS15,Engineer,63,25
74289.23,F,GS12,FinancialAnalyst,29,8
131686.37,M,GS14,Developer,42,17
79102.91,M,GS12,Accountant,30,0
67997.7,M,GS10,Engineer,62,21
94719.42,F,GS12,Developer,51,10
78032.95,F,GS12,FinancialAnalyst,58,9
86015.42,F,GS10,Developer,40,16
59910.45,M,GS10,Secretary,41,10
172615.06,M,GS15,Accountant,48,21
157473.81,F,GS15,FinancialAnalyst,47,24
87683.3,F,GS10,Secretary,60,31
53380.87,F,GS10,Engineer,30,2
134326.18,F,GS14,Engineer,62,25
100585.35,F,GS11,Developer,29,1
59613.22,F,GS11,FinancialAnalyst,31,4
93451.47,F,GS12,FinancialAnalyst,51,28
181595.09,F,GS14,Developer,62,41
44517.4,F,GS15,FinancialAnalyst,61,19
128528.23,F,GS15,Engineer,44,7
78767.55,F,GS11,Developer,36,14
66510.17,F,GS10,Accountant,37,7
90638.45,F,GS13,FinancialAnalyst,38,15
119668.97,F,GS14,Developer,30,8
75996.65,F,GS12,Developer,22,0
65905.5,M,GS11,Developer,31,0
134399.99,M,GS14,FinancialAnalyst,63,21
76820.78,M,GS12,FinancialAnalyst,29,7
58127.93,F,GS10,Secretary,28,6
128089.38,F,GS13,Accountant,57,24
104332.22,M,GS13,Accountant,35,11
76213.04,F,GS12,Accountant,21,0
118760.24,F,GS15,Engineer,33,6
57684.95,M,GS10,Secretary,30,3
99352.29,F,GS14,Engineer,33,3
138206.94,F,GS15,Engineer,44,21
76575.45,M,GS12,Engineer,49,12
64847.73,M,GS10,Developer,26,3
70284.54,M,GS10,Developer,34,3
65182.98,F,GS10,Developer,22,0
82871.95,F,GS10,Secretary,55,26
94457.14,F,GS13,Engineer,39,17
101562.05,F,GS13,Accountant,49,10
99362.45,F,GS14,Engineer,34,3
24531.74,F,GS11,Secretary,62,16
109877.06,F,GS13,Developer,42,17
74417.57,M,GS10,Secretary,45,20
54008.53,F,GS10,Secretary,22,0
112205.36,F,GS15,FinancialAnalyst,21,1
97101.07,M,GS15,Developer,51,17
85523.93,F,GS10,Secretary,63,28
98392.31,M,GS12,FinancialAnalyst,59,28
129399.26,M,GS14,Engineer,46,23
136475.81,F,GS15,Developer,43,9
74906.27,F,GS10,Accountant,47,22
111948.93,F,GS13,Accountant,38,14
66248.37,M,GS10,Developer,42,0
57251.54,F,GS10,Secretary,33,2
116433.11,F,GS15,FinancialAnalyst,26,5
65578.74,F,GS10,Secretary,32,11
61904.83,M,GS10,Accountant,28,1
58983.31,F,GS10,Secretary,25,5
77313.1,M,GS11,Engineer,49,23
99126.95,M,GS10,Accountant,63,29
187791.79,F,GS15,Developer,60,24
60432.83,M,GS11,Secretary,27,3
87266.28,M,GS13,Accountant,22,0
118087.12,M,GS15,FinancialAnalyst,42,4
110142.19,M,GS14,Engineer,30,8
115569.57,M,GS12,Accountant,64,23
171158.87,M,GS14,Developer,61,32
86014.59,M,GS11,Secretary,59,24
80746.71,M,GS13,Engineer,24,2
142484.78,F,GS13,Developer,63,27
93646.19,M,GS10,FinancialAnalyst,58,37
131013.29,F,GS15,Developer,32,3
41438.89,F,GS14,Developer,59,2
107211.69,M,GS10,Accountant,54,30
57238.61,F,GS10,FinancialAnalyst,38,12
96232.54,F,GS12,FinancialAnalyst,47,23
69254.8,M,GS10,Developer,58,7
55756.0,F,GS11,Engineer,29,0
129833.38,F,GS14,Developer,49,14
95912.34,M,GS10,Accountant,58,27
110460.0,F,GS15,FinancialAnalyst,37,0
90897.26,M,GS13,Accountant,28,0
77760.12,M,GS10,Engineer,58,27
180871.49,F,GS14,Accountant,58,36
51982.23,M,GS13,Accountant,55,17
79904.97,M,GS12,Accountant,43,2
139619.83,F,GS13,Accountant,64,30
93518.24,F,GS12,Accountant,47,12
45590.47,F,GS12,Accountant,55,16
76099.86,M,GS12,Accountant,33,0
66859.93,M,GS10,Secretary,60,12
71096.04,M,GS10,Accountant,34,8
120875.62,M,GS14,FinancialAnalyst,21,1
81431.51,M,GS11,Accountant,48,15
63700.72,F,GS10,Accountant,23,3
67586.84,F,GS11,Secretary,40,8
112988.67,F,GS15,Developer,50,19
99685.49,F,GS12,FinancialAnalyst,49,27
110615.91,M,GS14,Accountant,42,7
57104.01,M,GS10,Engineer,29,5
57869.31,M,GS10,Secretary,28,5
71076.4,F,GS14,FinancialAnalyst,51,17
102608.67,F,GS11,Secretary,57,37
119098.32,F,GS14,Accountant,61,7
33940.22,M,GS14,FinancialAnalyst,57,1
134278.36,F,GS15,FinancialAnalyst,38,12
108469.26,F,GS12,Developer,44,19
75159.49,F,GS11,Secretary,54,14
126569.85,F,GS14,FinancialAnalyst,40,19
56551.72,F,GS10,Secretary,27,3
57000.49,F,GS10,Secretary,38,3
71507.45,F,GS12,FinancialAnalyst,44,3
86576.81,M,GS13,Engineer,42,4
137444.97,F,GS13,Accountant,60,29
143118.3,F,GS15,Engineer,45,16
35462.11,F,GS10,Developer,53,18
74484.21,F,GS11,FinancialAnalyst,46,18
35189.74,F,GS11,Accountant,60,16
64758.91,M,GS11,Accountant,26,0
83379.57,M,GS13,Engineer,23,3
75144.5,F,GS11,Accountant,30,9
60011.81,F,GS10,FinancialAnalyst,33,9
134302.72,M,GS15,Developer,32,9
61726.92,M,GS11,Secretary,34,6
48621.66,M,GS15,Engineer,58,16
68225.78,M,GS11,Accountant,43,3
86490.81,M,GS10,Accountant,23,1
18652.54,M,GS11,Developer,63,6
186865.19,F,GS15,FinancialAnalyst,58,36
59698.17,F,GS10,Engineer,48,11
102358.3,M,GS13,Developer,64,7
58832.92,M,GS13,Engineer,52,18
86672.46,M,GS12,FinancialAnalyst,57,15
80907.89,F,GS11,Accountant,39,16
58744.88,F,GS10,Secretary,25,5
65959.01,F,GS11,Developer,20,0
28432.01,F,GS11,Engineer,54,6
70475.68,F,GS11,Accountant,29,3
130685.71,F,GS15,Developer,30,8
91911.91,M,GS10,Accountant,48,27
100772.43,F,GS13,Developer,35,4
123526.7,F,GS12,FinancialAnalyst,61,35
87189.1,F,GS12,FinancialAnalyst,44,16
49685.91,M,GS14,Engineer,56,17
103898.36,F,GS14,Accountant,20,0
99443.17,F,GS11,Accountant,60,24
16904.07,F,GS11,Secretary,64,22
84649.83,F,GS13,Engineer,25,5
178156.85,F,GS15,Developer,60,25
79524.07,M,GS10,Developer,63,11
51864.0,F,GS10,FinancialAnalyst,28,0
109669.25,F,GS14,Engineer,31,9
62279.34,M,GS10,Accountant,36,0
110695.24,M,GS14,Developer,47,7
58386.67,F,GS10,Secretary,32,9
67964.71,M,GS11,FinancialAnalyst,40,15
80568.2,F,GS12,Accountant,64,7
81930.11,M,GS14,FinancialAnalyst,47,2
75978.79,F,GS12,Accountant,22,0
60700.74,M,GS12,Accountant,53,17
83105.49,F,GS11,Secretary,59,24
89037.13,M,GS12,Accountant,43,9
41455.57,F,GS13,Accountant,55,3
89382.7,M,GS11,Accountant,42,22
54518.75,F,GS10,Secretary,21,0
57280.26,F,GS10,Secretary,48,18
113352.68,M,GS15,Engineer,26,2
16042.77,M,GS11,Secretary,64,16
75558.67,M,GS12,Accountant,31,1
85800.24,F,GS11,Engineer,54,31
71312.64,M,GS12,Engineer,38,3
71547.71,M,GS12,FinancialAnalyst,26,4
34826.67,F,GS12,Accountant,55,2
136146.09,M,GS14,Engineer,51,25
102140.57,F,GS13,Engineer,35,14
71784.24,M,GS11,Secretary,34,13
122625.88,M,GS13,Developer,34,12
125171.52,F,GS15,Engineer,46,11
128986.85,M,GS13,FinancialAnalyst,56,29
89238.52,F,GS12,Engineer,48,25
97146.02,M,GS14,Engineer,23,2
72936.59,M,GS11,Secretary,37,17
63947.16,F,GS10,Accountant,28,6
156619.18,M,GS14,FinancialAnalyst,58,34
134775.19,M,GS13,Developer,64,27
85703.25,F,GS10,Developer,44,22
68363.83,F,GS11,Accountant,32,3
84578.39,F,GS10,Developer,39,14
147805.49,M,GS15,Engineer,47,26
80464.76,M,GS12,Developer,27,0
92999.77,F,GS13,Accountant,38,3
174582.72,M,GS13,Accountant,64,44
96574.09,F,GS13,Accountant,35,9
61141.48,M,GS11,Secretary,32,3
63208.28,M,GS11,Secretary,24,4
88975.8,F,GS11,Engineer,25,1
61884.83,M,GS11,Secretary,44,6
87187.54,F,GS12,Accountant,55,13
66494.45,M,GS10,Secretary,48,12
105591.37,M,GS14,Developer,20,0
65547.01,F,GS11,Secretary,37,7
71773.5,M,GS10,Secretary,47,15
87128.09,M,GS11,Accountant,43,20
122504.57,M,GS15,Accountant,23,2
58774.2,M,GS11,FinancialAnalyst,29,3
74976.51,M,GS10,Accountant,39,17
91712.1,M,GS11,Secretary,56,29
110122.84,F,GS14,Developer,34,4
74035.14,F,GS10,Developer,53,11
82665.55,M,GS10,Secretary,57,25
63021.69,F,GS11,Engineer,40,8
99439.83,M,GS11,Engineer,63,37
61486.2,M,GS11,Secretary,33,5
99667.67,F,GS12,Developer,42,21
138341.35,M,GS13,Developer,50,28
141306.62,F,GS15,Developer,33,10
69930.32,M,GS12,FinancialAnalyst,42,4
155181.44,M,GS15,Accountant,32,11
113944.92,F,GS10,Developer,61,37
55152.25,F,GS10,Secretary,24,0
66716.14,F,GS11,Engineer,49,8
87832.83,F,GS11,Secretary,47,21
62771.8,M,GS10,Engineer,38,12
54890.26,F,GS10,Engineer,29,5
64884.96,M,GS11,Secretary,30,8
68788.64,F,GS11,Secretary,51,15
18099.97,M,GS11,Engineer,60,16
107218.2,M,GS13,Developer,35,10
110759.78,F,GS14,Developer,27,5
159209.88,M,GS15,Developer,56,15
70630.59,M,GS12,FinancialAnalyst,26,3
68434.03,F,GS11,Secretary,35,15
58395.85,F,GS11,Engineer,44,2
117193.73,M,GS15,FinancialAnalyst,36,5
80196.89,F,GS11,Accountant,33,12
106368.9,F,GS14,Developer,20,0
66784.39,F,GS10,Secretary,30,9
81646.64,F,GS10,Secretary,61,28
48827.57,M,GS14,Engineer,58,22
121567.89,F,GS14,Accountant,40,13
20561.27,M,GS10,Secretary,62,20
107047.14,F,GS13,FinancialAnalyst,46,19
71277.81,F,GS10,FinancialAnalyst,43,21
66829.0,M,GS12,FinancialAnalyst,23,0
96862.33,M,GS12,Developer,62,9
99608.22,M,GS13,FinancialAnalyst,21,1
88869.29,M,GS13,Engineer,47,7
141617.58,M,GS15,FinancialAnalyst,44,17
24976.21,F,GS11,Secretary,59,2
88708.13,F,GS13,Engineer,48,8
96686.72,F,GS12,Developer,41,19
62664.67,F,GS11,FinancialAnalyst,33,8
78337.46,F,GS12,Developer,23,1
66708.45,M,GS11,Developer,20,0
124818.48,M,GS15,Engineer,57,10
87284.66,M,GS11,Developer,54,24
69381.47,M,GS11,Developer,40,3
132072.68,M,GS13,FinancialAnalyst,60,32
130492.95,F,GS12,Accountant,51,30
34838.57,F,GS14,Engineer,58,17
121051.97,F,GS15,Engineer,25,5
84373.77,F,GS13,Engineer,36,4
88618.47,M,GS11,Engineer,60,26
96226.8,F,GS14,Engineer,27,4
66524.37,M,GS15,Engineer,55,6
93539.59,F,GS11,Developer,63,21
75041.27,M,GS11,Engineer,48,1
99444.95,M,GS12,Accountant,57,21
26585.8,M,GS15,Engineer,63,17
100016.01,F,GS13,Accountant,37,7
81081.24,M,GS13,Developer,47,2
209827.19,M,GS15,Developer,62,39
19984.16,F,GS10,Accountant,64,19
101275.46,F,GS14,Engineer,48,5
53754.54,F,GS10,Secretary,20,0
82468.3,F,GS12,Developer,39,5
58529.82,F,GS14,FinancialAnalyst,55,20
97723.55,F,GS14,FinancialAnalyst,44,3
55344.56,M,GS10,Secretary,40,0
83823.73,F,GS10,Accountant,55,24
124731.97,F,GS15,Developer,24,2
123578.8,M,GS15,Accountant,21,1
103516.23,F,GS13,Accountant,31,7
70602.75,F,GS11,Accountant,52,5
94104.88,F,GS14,Accountant,48,17
123702.77,F,GS15,Accountant,33,3
90506.55,F,GS10,Secretary,63,37
65223.48,M,GS11,Secretary,62,9
77663.18,M,GS11,Developer,61,7
137105.44,M,GS12,Developer,59,37
127451.93,F,GS15,Engineer,32,11
104790.59,M,GS13,Developer,35,6
88410.1,M,GS13,Developer,22,0
87261.63,M,GS12,Developer,28,7
75103.02,M,GS10,Secretary,46,21
98907.62,F,GS11,Developer,55,31
76920.13,F,GS12,Accountant,47,20
130189.15,F,GS15,Engineer,41,13
93907.0,F,GS14,FinancialAnalyst,22,0
120928.93,F,GS15,FinancialAnalyst,41,5
119897.75,F,GS15,FinancialAnalyst,31,5
46863.57,F,GS12,Accountant,57,22
87113.77,F,GS11,Engineer,52,30
66829.0,F,GS12,Engineer,27,0
102100.95,M,GS14,Developer,35,0
93833.12,F,GS11,Secretary,64,40
77974.41,F,GS14,FinancialAnalyst,53,18
89101.05,F,GS12,Accountant,57,9
63637.57,M,GS11,Secretary,34,6
151508.29,F,GS14,Engineer,61,31
42508.79,M,GS15,Accountant,60,4
103911.42,M,GS12,Developer,43,20
75877.81,F,GS10,Engineer,58,25
47725.23,F,GS10,Accountant,50,4
151106.62,M,GS14,Developer,49,25
146463.84,F,GS15,Accountant,47,19
128106.77,F,GS15,Developer,44,2
117142.15,M,GS15,FinancialAnalyst,28,3
134252.63,M,GS15,Developer,35,6
56723.13,F,GS11,FinancialAnalyst,23,1
103820.29,M,GS11,Secretary,54,33
13991.54,F,GS11,FinancialAnalyst,59,3
69329.17,M,GS10,Secretary,59,15
42392.43,F,GS11,Engineer,49,4
69138.24,M,GS10,Developer,26,3
85345.53,M,GS11,Secretary,29,1
55756.0,F,GS11,FinancialAnalyst,36,0
60935.55,M,GS11,Secretary,39,3
92187.83,F,GS12,Accountant,29,8
82405.7,F,GS11,Secretary,53,21
131439.43,M,GS14,Accountant,48,14
72422.54,M,GS10,FinancialAnalyst,53,25
86700.06,M,GS11,Developer,37,14
14090.42,M,GS12,Accountant,62,1
58359.43,F,GS10,Engineer,39,10
59273.33,F,GS11,Secretary,23,2
64825.46,M,GS10,Accountant,27,4
13411.31,F,GS11,Secretary,62,3
164514.14,F,GS15,FinancialAnalyst,57,29
147727.29,M,GS13,Accountant,62,35
94093.8,M,GS12,Engineer,56,24
131155.95,M,GS15,FinancialAnalyst,38,13
98475.25,F,GS14,FinancialAnalyst,30,5
88160.37,M,GS12,Engineer,46,19
57172.74,M,GS11,Engineer,32,2
71714.58,M,GS12,Engineer,42,5
62314.46,M,GS10,FinancialAnalyst,48,11
95629.05,M,GS12,Developer,32,12
80346.19,M,GS11,Secretary,58,21
139277.81,M,GS15,Accountant,32,10
65005.32,M,GS10,Secretary,44,12
100462.01,F,GS13,Engineer,43,19
121080.03,M,GS15,Accountant,35,1
30644.46,M,GS14,Accountant,64,17
112898.99,F,GS12,Engineer,59,35
111878.05,F,GS13,Accountant,38,16
65725.91,M,GS11,FinancialAnalyst,33,11
110075.53,F,GS12,FinancialAnalyst,48,27
83007.12,M,GS11,Accountant,63,12
63785.49,M,GS13,Developer,49,1
85662.62,F,GS11,Engineer,63,29
108506.43,M,GS14,FinancialAnalyst,45,9
140116.42,M,GS15,Developer,37,9
66432.45,F,GS11,Secretary,47,12
55800.3,M,GS10,Secretary,45,1
60269.11,M,GS11,Secretary,37,1
93222.06,F,GS12,Accountant,33,11
17713.91,M,GS11,FinancialAnalyst,62,18
87928.03,M,GS11,FinancialAnalyst,58,29
58917.59,M,GS10,Developer,46,2
134089.08,M,GS15,Accountant,42,6
15744.9,M,GS11,Engineer,62,17
68512.7,F,GS11,Secretary,31,9
102690.2,F,GS12,Accountant,40,20
101721.61,M,GS13,Accountant,31,8
86524.32,F,GS11,Developer,56,24
47860.01,F,GS13,Developer,52,1
106119.92,F,GS14,FinancialAnalyst,47,19
108044.07,F,GS13,Accountant,52,11
73902.28,F,GS11,Developer,45,4
67843.13,F,GS11,Developer,22,0
57479.86,M,GS11,Engineer,41,2
79438.03,M,GS13,Developer,51,19
78439.26,M,GS12,FinancialAnalyst,63,10
35525.69,M,GS11,Accountant,57,17
74943.28,F,GS10,Secretary,44,19
129754.45,F,GS15,Engineer,42,15
69043.89,M,GS11,Accountant,32,3
141556.09,F,GS14,Accountant,47,23
58930.7,F,GS11,Secretary,20,0
78348.7,F,GS12,FinancialAnalyst,35,10
76375.18,M,GS11,Developer,60,9
118811.42,F,GS15,Accountant,51,22
126786.15,M,GS13,Accountant,64,26
54357.16,M,GS10,Secretary,32,0
119755.51,F,GS14,Engineer,43,21
138572.65,M,GS15,Developer,32,8
18229.18,M,GS10,Developer,62,0
125673.47,F,GS12,Accountant,58,38
121476.08,F,GS14,Developer,45,8
59738.07,F,GS10,Engineer,43,10
147161.56,M,GS15,FinancialAnalyst,42,20
39743.26,F,GS12,FinancialAnalyst,52,3
110460.0,M,GS15,FinancialAnalyst,44,0
119944.5,M,GS13,Accountant,45,19
71990.34,F,GS12,Engineer,30,4
86210.6,M,GS12,Accountant,46,17
74561.86,F,GS10,Developer,41,14
56296.58,F,GS10,Secretary,20,0
122159.58,M,GS15,Accountant,22,1
65687.03,M,GS11,Engineer,46,10
84360.34,F,GS12,Accountant,46,5
63667.71,F,GS11,Developer,22,0
132095.76,F,GS15,Engineer,59,13
136312.45,M,GS14,Developer,64,15
55341.17,F,GS10,Secretary,23,1
92033.69,M,GS13,Developer,21,0
126483.43,F,GS14,Engineer,58,23
154798.78,M,GS14,Accountant,57,25
55756.0,F,GS11,Engineer,24,0
161670.91,F,GS15,Accountant,62,21
146231.9,M,GS14,Accountant,43,23
59036.01,F,GS11,Secretary,20,0
74817.21,M,GS12,FinancialAnalyst,31,7
103332.27,F,GS13,Developer,64,9
164281.79,F,GS14,Developer,64,33
120718.64,F,GS14,Accountant,39,11
126262.93,F,GS15,Developer,26,3
98112.3,M,GS13,Accountant,35,5
85008.63,M,GS10,Developer,44,22
121463.98,M,GS15,Accountant,20,0
53399.93,M,GS10,Engineer,22,1
80353.48,M,GS12,Developer,26,2
203740.0,M,GS15,Accountant,63,36
103924.48,M,GS13,Developer,33,8
51864.0,F,GS10,FinancialAnalyst,23,0
63316.09,M,GS11,FinancialAnalyst,49,8
99913.87,M,GS11,Developer,44,21
71289.6,M,GS10,Secretary,55,14
77601.79,F,GS11,FinancialAnalyst,44,20
158825.68,F,GS14,Accountant,57,28
70154.88,F,GS11,Accountant,27,7
79468.0,F,GS13,Engineer,22,0
88162.58,M,GS13,FinancialAnalyst,32,6
115121.86,F,GS13,Accountant,56,15
141149.63,M,GS14,Developer,47,15
79263.99,M,GS11,Engineer,38,17
17608.38,M,GS11,Secretary,61,3
86575.64,M,GS12,FinancialAnalyst,43,13
128585.84,F,GS15,Developer,30,1
89856.3,M,GS10,FinancialAnalyst,60,36
88952.36,F,GS14,FinancialAnalyst,50,20
80686.05,M,GS11,Secretary,47,21
129692.42,F,GS14,Accountant,50,12
75714.88,F,GS12,Engineer,52,8
149452.29,F,GS15,FinancialAnalyst,50,21
38729.62,F,GS10,Secretary,49,2
67859.37,M,GS11,Secretary,49,8
63459.6,M,GS11,FinancialAnalyst,34,8
75858.82,M,GS10,Developer,53,9
79468.0,F,GS13,FinancialAnalyst,23,0
145579.67,M,GS15,Developer,50,12
107181.86,F,GS14,Developer,24,1
88021.64,F,GS12,Accountant,34,13
75218.15,M,GS11,Developer,44,8
66498.81,F,GS10,Accountant,31,3
118785.36,M,GS15,FinancialAnalyst,27,5
63143.94,M,GS11,FinancialAnalyst,45,9
56450.39,M,GS10,Engineer,39,5
93224.34,M,GS11,Secretary,22,1
79468.0,M,GS13,Engineer,22,0
63328.45,M,GS10,Secretary,55,10
63444.63,M,GS11,FinancialAnalyst,29,7
66243.64,M,GS11,Developer,20,0
72110.02,F,GS10,Engineer,44,20
190659.05,F,GS15,Accountant,58,32
63777.5,F,GS11,Secretary,49,7
122567.42,F,GS14,Developer,42,6
106748.72,M,GS14,FinancialAnalyst,31,8
102094.96,M,GS12,Accountant,39,14
60227.96,M,GS14,Developer,58,20
81156.33,F,GS13,FinancialAnalyst,23,2
176800.38,F,GS15,Developer,47,25
54534.3,M,GS14,Accountant,56,20
91372.38,M,GS13,Engineer,35,10
62183.16,F,GS10,Secretary,53,9
119755.75,M,GS15,Developer,35,0
67371.76,F,GS11,Accountant,24,3
78820.91,F,GS11,Accountant,43,13
63777.03,M,GS10,Accountant,23,3
135761.44,F,GS15,FinancialAnalyst,54,14
149694.68,F,GS15,FinancialAnalyst,45,19
59542.84,M,GS11,Secretary,24,0
129812.3,M,GS15,FinancialAnalyst,46,18
55857.9,F,GS10,FinancialAnalyst,34,5
67642.01,M,GS11,Secretary,54,10
127094.99,M,GS14,Accountant,45,14
63993.48,M,GS11,FinancialAnalyst,47,8
78736.44,F,GS10,Secretary,26,1
79468.0,F,GS13,FinancialAnalyst,21,0
74990.77,F,GS11,Secretary,31,11
65272.81,F,GS11,Secretary,29,6
87944.25,F,GS11,Developer,41,14
96661.0,M,GS11,Secretary,53,31
30365.23,M,GS10,Secretary,54,17
113515.77,F,GS13,Developer,64,14
100198.43,M,GS14,FinancialAnalyst,26,4
105206.73,M,GS13,Accountant,41,11
141439.05,M,GS15,Developer,38,10
168779.15,F,GS15,Accountant,51,25
138039.15,M,GS15,Accountant,32,8
66740.42,F,GS11,Secretary,47,20
68699.48,M,GS10,Secretary,40,15
78157.02,F,GS12,Developer,25,2
145707.75,M,GS15,Engineer,41,16
59720.52,M,GS10,Secretary,28,8
136184.08,M,GS12,Developer,64,33
85812.95,F,GS15,Engineer,49,2
82272.86,M,GS13,FinancialAnalyst,33,3
79766.79,F,GS15,Developer,55,20
51884.92,F,GS12,FinancialAnalyst,50,22
52896.14,M,GS10,Engineer,24,3
57007.42,F,GS10,Secretary,24,3
77487.61,M,GS12,FinancialAnalyst,33,9
118904.7,M,GS15,Accountant,31,0
79963.83,F,GS12,Developer,27,3
106657.25,F,GS12,Developer,21,1
71211.39,M,GS12,Engineer,28,6
60501.19,M,GS11,Secretary,29,4
70327.38,F,GS11,Accountant,26,2
92569.51,F,GS15,Engineer,53,18
136996.44,M,GS13,Developer,63,34
93171.11,F,GS10,Accountant,39,1
70292.46,F,GS11,Engineer,42,15
138224.01,F,GS15,Accountant,33,12
85088.31,F,GS10,Secretary,47,25
105715.54,M,GS14,Accountant,23,2
69588.75,M,GS11,Developer,23,3
70210.59,M,GS11,Accountant,44,3
21977.4,F,GS12,Accountant,60,3
63954.96,M,GS10,Secretary,35,9
51864.0,M,GS10,Engineer,27,0
98964.88,F,GS12,Engineer,43,23
158430.82,M,GS13,Developer,54,34
71494.02,M,GS11,Developer,36,2
56824.65,M,GS10,Secretary,31,3
92686.31,F,GS12,FinancialAnalyst,57,21
76537.46,F,GS11,Developer,44,14
57322.65,F,GS10,Secretary,42,1
90966.4,F,GS13,Engineer,31,8
114971.38,F,GS15,FinancialAnalyst,25,3
60192.54,M,GS11,Secretary,29,2
57034.76,F,GS11,Engineer,25,1
29203.1,F,GS15,Engineer,62,0
81561.96,M,GS13,Engineer,31,1
146413.25,F,GS13,Accountant,60,34
94514.15,M,GS12,Accountant,51,15
144155.22,M,GS13,Developer,45,21
23170.93,M,GS12,FinancialAnalyst,58,0
69452.32,M,GS11,Accountant,37,2
35046.38,F,GS12,Engineer,53,6
109346.73,F,GS14,FinancialAnalyst,55,9
77359.18,F,GS12,Accountant,22,0
92965.96,F,GS13,Accountant,40,4
71101.07,F,GS10,Accountant,55,10
40267.9,M,GS11,FinancialAnalyst,50,1
65169.43,M,GS11,Secretary,30,5
95931.36,F,GS14,Engineer,33,1
122495.83,M,GS14,FinancialAnalyst,62,15
61061.29,F,GS11,Engineer,47,7
60054.97,F,GS10,FinancialAnalyst,62,8
25690.68,M,GS15,Engineer,61,3
36542.24,F,GS13,Engineer,58,16
155178.56,F,GS15,FinancialAnalyst,45,24
78948.66,F,GS12,FinancialAnalyst,41,9
175520.83,F,GS15,FinancialAnalyst,61,28
139055.64,F,GS12,Developer,62,33
115240.8,M,GS14,Engineer,39,12
71164.49,M,GS11,Developer,31,4
64010.86,F,GS10,Developer,37,4
73010.15,M,GS10,Developer,31,10
98744.31,F,GS12,Accountant,40,15
94666.26,F,GS10,Developer,22,1
69717.58,M,GS11,Developer,20,0
101947.07,F,GS11,Developer,54,33
123920.05,F,GS12,Developer,55,34
107265.12,M,GS14,Developer,24,0
102457.55,F,GS13,Developer,57,7
26917.82,F,GS11,Secretary,57,16
55758.95,M,GS15,Engineer,55,20
89623.74,F,GS10,Secretary,63,37
95094.69,M,GS14,Engineer,22,1
70000.52,F,GS11,Developer,22,0
36529.27,M,GS12,Accountant,52,1
124131.06,M,GS12,Developer,55,31
132967.59,M,GS15,Engineer,62,14
47319.17,F,GS10,Engineer,52,20
81755.09,F,GS10,Secretary,54,29
93134.16,M,GS13,Developer,23,1
72970.54,M,GS11,Secretary,47,19
60695.51,F,GS10,Secretary,25,5
59313.66,M,GS11,Engineer,42,3
71387.41,F,GS12,Engineer,44,4
106853.52,M,GS13,Accountant,32,10
55756.0,F,GS11,Engineer,20,0
94749.2,M,GS12,Developer,62,10
75998.26,F,GS10,Engineer,50,23
202005.08,M,GS15,Accountant,53,32
113698.72,F,GS12,Developer,45,20
176583.64,F,GS14,Accountant,58,34
142234.02,F,GS15,Developer,39,7
82085.01,F,GS12,Accountant,26,4
61063.01,F,GS10,FinancialAnalyst,47,19
68029.65,F,GS12,Engineer,29,1
70134.66,F,GS10,FinancialAnalyst,46,21
141653.22,F,GS15,Accountant,61,10
52562.94,F,GS10,FinancialAnalyst,25,1
22433.23,M,GS10,Accountant,58,22
38919.78,F,GS10,Secretary,53,18
64871.5,F,GS10,Accountant,27,3
53282.13,F,GS12,Accountant,48,3
72308.99,F,GS10,Engineer,57,25
82247.95,F,GS13,FinancialAnalyst,22,2
39014.0,F,GS14,FinancialAnalyst,62,17
59139.2,M,GS10,Engineer,53,9
134733.66,M,GS14,FinancialAnalyst,57,24
58965.18,F,GS10,Secretary,40,4
61096.61,M,GS11,Engineer,30,5
98100.75,F,GS14,Engineer,43,2
102040.71,F,GS14,FinancialAnalyst,28,7
56682.45,M,GS10,Secretary,25,5
133978.04,M,GS15,Accountant,60,5
63504.69,F,GS10,Secretary,41,9
77464.19,F,GS12,Developer,33,0
62285.01,F,GS10,Secretary,51,12
201232.58,F,GS15,Engineer,61,40
204445.97,M,GS15,Accountant,61,36
113998.37,M,GS14,Accountant,27,6
57865.83,M,GS11,Secretary,31,2
69373.23,F,GS12,FinancialAnalyst,48,22
94553.35,M,GS13,Developer,39,2
50160.49,F,GS10,Developer,49,1
121009.22,F,GS13,FinancialAnalyst,49,28
80503.39,F,GS12,Accountant,34,6
20828.54,M,GS11,Secretary,61,3
141501.2,M,GS15,FinancialAnalyst,21,1
122572.65,M,GS15,FinancialAnalyst,51,11
77809.63,M,GS12,Engineer,36,8
39856.98,M,GS12,Engineer,56,19
61665.59,F,GS11,Engineer,27,6
69994.66,M,GS12,FinancialAnalyst,31,5
58123.12,M,GS10,Secretary,27,4
69537.87,F,GS11,FinancialAnalyst,47,19
66829.0,F,GS12,FinancialAnalyst,21,0
64473.84,F,GS11,Secretary,38,9
64973.09,M,GS11,Accountant,20,0
62704.45,F,GS11,Secretary,28,4
115160.54,M,GS14,Accountant,27,6
103934.81,M,GS11,Secretary,55,35
66829.0,F,GS12,Engineer,30,0
78986.52,M,GS12,Accountant,23,1
71123.69,F,GS11,Secretary,38,17
91362.93,F,GS13,Accountant,22,1
57436.06,F,GS11,Engineer,38,2
91932.0,M,GS12,Accountant,45,13
52489.91,F,GS10,Engineer,46,6
171320.89,F,GS14,FinancialAnalyst,59,38
20211.87,M,GS11,Secretary,64,4
68072.39,M,GS10,Secretary,51,13
92288.33,F,GS12,Accountant,37,9
126562.45,F,GS15,Developer,44,4
136098.88,F,GS15,Developer,30,9
83632.0,F,GS13,FinancialAnalyst,61,5
55756.0,F,GS11,FinancialAnalyst,39,0
75177.89,M,GS12,FinancialAnalyst,41,8
67364.26,F,GS10,Secretary,33,12
72200.93,F,GS15,Developer,55,3
23029.13,M,GS11,Developer,57,22
137605.95,M,GS15,Developer,27,6
63627.48,F,GS10,Accountant,47,1
114901.8,F,GS14,Developer,32,6
131373.59,M,GS13,Accountant,59,25
70872.28,M,GS11,Engineer,49,15
37029.92,M,GS11,Secretary,54,19
110460.0,F,GS15,Engineer,20,0
102091.28,F,GS10,Developer,53,27
181765.1,F,GS15,Engineer,53,28
26533.36,M,GS11,Developer,59,4
122929.6,M,GS15,Accountant,27,1
65690.21,M,GS11,Secretary,44,7
92621.9,M,GS11,FinancialAnalyst,56,32
77017.64,M,GS12,FinancialAnalyst,33,10
39244.69,F,GS13,Engineer,55,16
14784.25,M,GS12,FinancialAnalyst,63,6
71322.68,M,GS10,Engineer,58,23
30485.95,M,GS10,Engineer,56,19
77119.88,M,GS12,FinancialAnalyst,49,8
128593.19,F,GS15,Engineer,41,9
164812.6,F,GS13,Accountant,62,42
91162.77,M,GS13,FinancialAnalyst,51,9
69497.99,M,GS10,Accountant,29,6
59631.23,F,GS10,Secretary,43,5
101933.92,F,GS12,Developer,43,18
75813.72,M,GS11,FinancialAnalyst,64,23
76415.01,M,GS12,Engineer,63,12
63339.89,F,GS11,Secretary,43,4
101017.4,M,GS14,FinancialAnalyst,46,8
101141.73,M,GS14,Engineer,29,7
101225.31,M,GS12,FinancialAnalyst,57,27
58554.62,F,GS15,Engineer,55,18
86435.43,M,GS11,Secretary,47,24
135838.88,F,GS13,Engineer,58,36
46853.46,F,GS11,FinancialAnalyst,48,2
88244.42,M,GS13,FinancialAnalyst,44,7
135522.74,M,GS15,Accountant,42,9
77723.78,M,GS12,Engineer,33,7
75983.69,F,GS10,Secretary,63,21
121542.14,F,GS15,Accountant,22,0
70284.67,M,GS11,Engineer,28,1
84282.64,F,GS13,Engineer,34,5
82512.01,M,GS11,Developer,42,11
90068.48,M,GS14,Engineer,49,19
123404.24,F,GS14,Developer,35,8
83112.26,M,GS10,Engineer,55,33
94150.27,F,GS11,FinancialAnalyst,56,31
194209.54,M,GS15,FinancialAnalyst,61,35
63079.01,F,GS10,Secretary,47,9
97246.39,F,GS13,Developer,37,2
65428.0,M,GS11,Secretary,37,11
132117.52,F,GS15,Accountant,38,4
129616.25,F,GS15,FinancialAnalyst,63,9
126266.71,F,GS15,Developer,24,4
73000.2,M,GS11,FinancialAnalyst,39,19
93590.82,F,GS10,Accountant,47,26
129011.06,F,GS13,Accountant,49,25
35894.17,M,GS10,Accountant,54,17
89436.62,M,GS13,Accountant,21,0
59194.23,F,GS10,FinancialAnalyst,30,8
119725.57,F,GS15,Engineer,43,4
134738.53,M,GS15,Developer,36,7
113776.58,M,GS15,FinancialAnalyst,31,2
55756.0,M,GS11,Engineer,22,0
44948.8,F,GS14,Developer,60,19
108277.4,M,GS14,Accountant,23,3
104832.61,M,GS12,Engineer,54,27
67976.23,M,GS11,Engineer,49,14
90013.5,F,GS13,Engineer,30,9
101974.66,F,GS14,FinancialAnalyst,35,5
167800.21,M,GS15,Engineer,55,32
35557.36,F,GS11,Secretary,53,2
92582.64,F,GS10,Engineer,64,36
99990.02,F,GS14,FinancialAnalyst,29,4
87285.63,M,GS11,Secretary,50,29
133461.31,F,GS15,Accountant,28,7
100387.03,M,GS13,Developer,33,0
59224.28,M,GS10,Engineer,36,7
94529.82,M,GS13,Accountant,30,3
49525.64,F,GS14,Accountant,55,3
107812.56,M,GS12,Developer,56,26
152392.93,M,GS15,Engineer,55,21
52684.04,M,GS10,FinancialAnalyst,40,1
84263.81,M,GS13,Engineer,29,3
143946.49,F,GS13,Accountant,55,31
115822.26,M,GS13,Accountant,39,16
56743.51,F,GS10,Secretary,39,3
93907.0,M,GS14,Engineer,28,0
59625.45,M,GS11,Engineer,44,4
178181.24,F,GS15,Accountant,45,25
146311.19,M,GS13,Accountant,63,29
138687.14,M,GS14,Developer,57,21
137585.22,M,GS15,Accountant,47,20
55355.63,F,GS11,Secretary,51,22
144472.4,M,GS13,Engineer,64,40
115847.08,F,GS15,FinancialAnalyst,38,2
94669.3,F,GS11,Accountant,36,1
122085.29,F,GS15,Accountant,22,0
122830.17,F,GS15,Developer,27,0
157531.01,M,GS15,Engineer,53,32
20901.83,F,GS10,FinancialAnalyst,54,4
129894.49,M,GS15,Engineer,47,9
93237.29,F,GS11,Engineer,58,36
119390.22,M,GS15,Developer,47,4
174296.42,F,GS15,Developer,53,24
68285.12,M,GS10,Secretary,64,12
105284.8,M,GS14,Engineer,55,10
85808.55,F,GS12,Accountant,56,7
141089.26,F,GS13,Accountant,58,29
134052.91,M,GS14,FinancialAnalyst,60,30
192231.09,M,GS14,Accountant,62,40
63756.35,F,GS10,Accountant,25,3
62755.11,M,GS11,Secretary,25,4
123870.75,M,GS15,FinancialAnalyst,42,7
63605.49,F,GS11,FinancialAnalyst,33,8
117777.23,M,GS14,Accountant,62,10
76647.49,F,GS11,Developer,60,9
101909.79,F,GS11,Accountant,64,33
108211.78,F,GS13,Accountant,49,12
84316.7,F,GS12,Engineer,37,16
105447.83,F,GS14,Accountant,28,0
16546.78,M,GS11,FinancialAnalyst,62,6
71858.45,F,GS12,Engineer,32,4
22292.05,F,GS11,Secretary,57,17
105425.57,M,GS12,Developer,31,1
61023.09,F,GS11,Secretary,25,3
124768.05,M,GS15,FinancialAnalyst,49,7
98139.67,M,GS12,Engineer,62,28
104464.75,M,GS13,FinancialAnalyst,21,1
63997.35,M,GS11,Secretary,26,6
103438.07,F,GS14,Engineer,42,5
94026.24,M,GS11,Engineer,56,33
64791.74,M,GS10,FinancialAnalyst,55,14
68629.26,M,GS10,Developer,32,10
79758.58,F,GS10,FinancialAnalyst,52,26
125190.74,M,GS12,Developer,54,29
59752.97,M,GS10,Secretary,24,4
100187.43,M,GS14,Engineer,24,4
137187.98,F,GS13,Developer,52,24
72789.9,M,GS11,Secretary,50,15
62530.1,M,GS11,FinancialAnalyst,54,9
83770.65,F,GS12,Developer,37,5
66157.83,F,GS11,Secretary,47,8
99611.13,F,GS10,Developer,22,1
87122.34,M,GS13,FinancialAnalyst,27,7
77850.12,F,GS10,Secretary,24,1
89161.45,F,GS13,Developer,20,0
66829.0,M,GS12,Engineer,29,0
140407.95,M,GS15,Engineer,21,1
88411.71,F,GS11,Accountant,20,0
103798.42,F,GS14,Developer,22,0
122677.16,M,GS14,Accountant,33,12
98429.69,M,GS10,Developer,49,28
55756.0,M,GS11,FinancialAnalyst,33,0
26106.92,F,GS13,Developer,60,2
119492.53,F,GS13,Developer,43,17
73184.42,M,GS11,Secretary,46,26
21394.28,M,GS11,Secretary,57,3
106072.1,M,GS15,Developer,51,22
77243.82,M,GS10,Engineer,60,23
110827.25,F,GS13,Developer,35,12
26364.44,M,GS11,Developer,59,20
63978.01,F,GS11,FinancialAnalyst,32,7
52100.32,M,GS15,Developer,56,4
79468.0,M,GS13,Engineer,20,0
116588.59,M,GS15,FinancialAnalyst,25,4
88702.96,F,GS13,Engineer,29,6
128076.35,F,GS14,Developer,46,17
66797.3,M,GS11,Accountant,45,2
137890.5,F,GS13,Accountant,53,33
92357.71,F,GS10,Accountant,52,25
59093.83,F,GS11,Secretary,25,0
95479.67,F,GS13,Developer,58,5
87171.68,F,GS12,Engineer,44,21
117655.5,F,GS15,Engineer,45,8
118909.57,M,GS11,Accountant,61,40
128422.04,F,GS15,Accountant,43,4
86941.93,F,GS11,Secretary,59,26
133727.45,F,GS15,Engineer,41,12
110460.0,M,GS15,FinancialAnalyst,31,0
54330.88,F,GS10,Secretary,24,0
93907.0,M,GS14,Engineer,24,0
78152.96,M,GS10,Secretary,52,25
56575.63,F,GS10,Secretary,23,2
64315.86,M,GS11,Secretary,57,10
66868.14,M,GS10,Accountant,44,7
65712.98,F,GS11,FinancialAnalyst,30,10
83436.37,F,GS13,FinancialAnalyst,32,5
57423.23,M,GS11,Secretary,22,0
63344.39,F,GS11,FinancialAnalyst,41,7
137185.61,M,GS15,Developer,35,7
83641.21,F,GS10,Accountant,63,25
80131.25,M,GS12,Developer,20,0
19338.04,F,GS14,FinancialAnalyst,63,0
30774.46,F,GS11,Secretary,54,17
28951.11,F,GS11,Engineer,56,2
117777.58,M,GS14,Accountant,63,7
121730.58,M,GS12,Engineer,61,40
55757.38,M,GS10,Secretary,23,2
113375.42,F,GS13,Developer,54,14
70349.92,F,GS11,Developer,20,0
77844.53,F,GS10,Developer,40,17
99858.01,F,GS13,FinancialAnalyst,36,13
56048.9,M,GS15,Engineer,56,4
24945.31,F,GS10,Developer,61,20
60025.84,M,GS13,Engineer,53,18
82129.24,M,GS10,Secretary,51,28
86861.83,F,GS12,Developer,62,12
76873.61,M,GS12,Accountant,22,2
90191.93,M,GS13,Accountant,36,0
122541.21,F,GS15,Accountant,38,2
60770.23,F,GS11,FinancialAnalyst,32,5
108510.55,M,GS13,Accountant,61,15
55468.27,M,GS10,Secretary,36,4
125646.83,M,GS15,Engineer,52,11
78144.22,F,GS11,Developer,63,11
107465.8,M,GS12,Accountant,41,19
168266.24,F,GS15,Developer,61,23
175645.31,M,GS14,Developer,63,31
147897.23,M,GS15,Accountant,22,1
130308.81,M,GS12,Developer,62,32
112435.06,F,GS14,Developer,37,5
92631.98,M,GS12,Accountant,50,11
65498.83,M,GS15,Developer,55,19
80312.05,F,GS13,Engineer,22,2
73868.29,M,GS11,Secretary,52,13
66040.65,F,GS11,Accountant,21,0
84709.09,F,GS12,Engineer,44,21
95845.94,M,GS13,Accountant,25,4
111855.14,M,GS13,Accountant,46,20
34632.47,F,GS11,Developer,54,17
39783.3,M,GS10,Engineer,52,17
46497.81,M,GS10,Secretary,56,1
69548.96,F,GS11,Secretary,46,10
73758.52,F,GS12,Engineer,33,7
61107.37,M,GS11,Engineer,56,10
129786.93,F,GS14,Engineer,47,24
14613.75,F,GS11,Secretary,64,19
80045.2,M,GS12,Engineer,62,11
101758.87,F,GS12,FinancialAnalyst,54,29
71471.05,M,GS11,Developer,34,12
36119.25,F,GS10,Accountant,53,0
128523.53,M,GS14,Engineer,43,22
80987.09,F,GS12,Developer,31,0
70749.64,M,GS12,Engineer,33,5
110460.0,F,GS15,FinancialAnalyst,44,0
62012.57,F,GS10,Engineer,50,14
42914.8,F,GS12,Accountant,53,0
69354.93,M,GS11,Secretary,48,13
56861.79,F,GS10,Secretary,37,3
99125.2,M,GS13,Engineer,63,15
107524.92,M,GS14,Engineer,45,7
88943.86,M,GS13,Developer,20,0
37060.81,M,GS15,FinancialAnalyst,63,20
51864.0,M,GS10,Engineer,21,0
91643.66,M,GS13,Developer,20,0
80668.36,F,GS13,FinancialAnalyst,25,1
126442.45,F,GS15,Developer,36,4
115155.91,F,GS15,Engineer,32,7
93907.0,M,GS14,Engineer,22,0
127111.04,F,GS13,Engineer,51,25
41652.8,M,GS12,FinancialAnalyst,54,19
126296.33,M,GS13,FinancialAnalyst,59,33
85957.34,F,GS12,Developer,36,8
71784.62,M,GS12,Engineer,60,5
82605.86,M,GS11,Secretary,26,1
213617.05,F,GS15,Developer,61,41
69429.16,M,GS11,Secretary,55,8
60604.01,F,GS11,FinancialAnalyst,36,7
36949.93,M,GS14,FinancialAnalyst,62,16
89617.51,M,GS13,FinancialAnalyst,45,8
142066.38,F,GS15,Developer,38,10
29386.56,F,GS12,Engineer,57,6
63041.32,F,GS10,Developer,34,2
64866.02,F,GS10,Secretary,34,13
151936.17,M,GS14,Developer,45,24
54099.05,F,GS10,Secretary,20,0
99842.95,M,GS14,Engineer,38,6
67482.37,F,GS11,Secretary,60,8
37752.84,M,GS12,Accountant,57,16
87323.49,M,GS10,Secretary,28,1
70492.32,M,GS11,Accountant,31,6
52134.48,M,GS10,Engineer,28,1
100267.61,M,GS10,Engineer,63,43
39900.38,F,GS14,FinancialAnalyst,57,19
123260.39,F,GS15,Engineer,29,7
140572.85,F,GS14,FinancialAnalyst,46,26
95297.87,F,GS15,FinancialAnalyst,49,6
70055.03,M,GS10,Accountant,60,8
40217.2,F,GS14,FinancialAnalyst,60,19
114884.71,F,GS12,Accountant,63,25
89144.55,F,GS11,Accountant,62,21
110460.0,F,GS15,FinancialAnalyst,22,0
120004.75,F,GS14,Developer,33,5
123028.09,F,GS15,Engineer,38,7
55650.62,F,GS10,Engineer,42,4
76172.79,F,GS10,FinancialAnalyst,28,1
55047.01,M,GS15,Engineer,55,6
62359.89,F,GS11,Engineer,29,7
115843.66,M,GS13,Developer,47,13
61384.91,M,GS10,Secretary,30,8
68239.67,M,GS11,Engineer,48,13
127632.78,F,GS15,FinancialAnalyst,32,10
76571.42,F,GS11,Developer,50,7
30390.24,M,GS10,FinancialAnalyst,53,17
87515.68,M,GS13,FinancialAnalyst,33,5
90382.52,M,GS12,Engineer,49,21
31406.24,M,GS11,Developer,55,16
79991.81,F,GS12,Accountant,25,2
84388.38,F,GS11,FinancialAnalyst,24,1
77494.48,M,GS10,FinancialAnalyst,24,1
61337.01,M,GS10,Secretary,27,5
71477.1,F,GS15,FinancialAnalyst,54,22
51513.99,M,GS15,Accountant,58,17
39022.55,M,GS11,Engineer,50,2
91032.43,F,GS10,Developer,53,27
103387.57,M,GS13,Engineer,36,13
89568.36,F,GS10,Secretary,57,36
41832.74,F,GS11,Secretary,49,3
92763.14,F,GS11,Secretary,60,29
130033.17,M,GS14,Engineer,47,23
95454.3,M,GS13,Engineer,44,10
80411.56,M,GS12,FinancialAnalyst,49,15
118853.07,F,GS15,Engineer,24,4
151253.33,M,GS15,Developer,35,13
62205.06,M,GS11,FinancialAnalyst,42,9
77406.23,M,GS15,Engineer,48,6
58164.46,F,GS11,Secretary,21,0
88223.82,F,GS13,Engineer,37,8
24855.8,F,GS11,Secretary,55,2
112228.27,M,GS12,Accountant,51,28
129244.31,F,GS14,Engineer,23,1
113996.55,M,GS14,Accountant,40,9
51864.0,F,GS10,Engineer,35,0
81896.06,F,GS11,Engineer,51,29
92399.42,M,GS13,Developer,27,2
59279.43,M,GS11,Secretary,21,0
167307.53,F,GS15,FinancialAnalyst,64,29
81365.93,M,GS10,Developer,42,20
26809.71,M,GS13,Accountant,62,18
99172.85,F,GS12,Developer,32,11
130200.6,F,GS15,Developer,39,4
64796.61,F,GS10,Secretary,48,11
128993.81,F,GS15,Developer,33,2
62877.27,M,GS10,Secretary,59,11
69284.47,F,GS12,Engineer,28,4
121590.09,F,GS15,Engineer,47,5
78721.62,F,GS12,Developer,29,0
96760.8,F,GS14,FinancialAnalyst,39,4
115139.43,M,GS14,Accountant,29,8
93907.0,F,GS14,Engineer,21,0
35387.33,F,GS10,FinancialAnalyst,52,17
127824.65,M,GS14,Accountant,33,13
73663.29,F,GS10,Developer,34,12
122455.1,F,GS14,Developer,50,10
113987.65,F,GS15,Engineer,26,2
14728.31,F,GS11,Secretary,62,0
18809.46,F,GS11,Accountant,60,6
78708.76,F,GS11,Accountant,61,13
66212.85,M,GS15,Accountant,54,6
68715.1,F,GS10,Secretary,32,10
75393.64,M,GS12,Engineer,26,6
59824.53,M,GS11,FinancialAnalyst,43,6
123509.61,F,GS15,FinancialAnalyst,36,8
57568.11,M,GS10,Secretary,38,3
59909.61,F,GS11,Secretary,48,19
95116.65,F,GS13,Engineer,59,11
57326.72,F,GS11,FinancialAnalyst,22,2
61975.65,F,GS10,Secretary,56,8
44582.34,M,GS11,Engineer,50,20
66829.0,M,GS12,FinancialAnalyst,28,0
192532.95,M,GS15,Developer,47,26
51864.0,M,GS10,FinancialAnalyst,24,0
117629.76,M,GS13,FinancialAnalyst,59,24
70375.61,M,GS10,Secretary,34,13
42657.73,M,GS14,FinancialAnalyst,54,1
124587.14,F,GS12,Engineer,64,44
130069.27,F,GS15,Developer,23,3
17106.93,M,GS10,FinancialAnalyst,60,18
59262.49,M,GS11,Secretary,21,1
83903.46,M,GS11,Engineer,57,25
92721.75,M,GS11,Developer,42,22
143584.8,M,GS15,Accountant,53,11
62036.57,F,GS10,Secretary,33,7
78726.87,M,GS12,FinancialAnalyst,35,10
120411.94,M,GS14,Engineer,60,15
126651.55,F,GS14,Accountant,34,10
69762.75,F,GS12,FinancialAnalyst,27,3
52406.79,F,GS11,Secretary,46,0
176643.65,M,GS15,FinancialAnalyst,55,35
73356.54,F,GS13,FinancialAnalyst,48,2
118018.21,F,GS15,FinancialAnalyst,35,7
108489.27,M,GS13,Accountant,29,1
90994.74,M,GS13,Engineer,39,9
63223.97,F,GS10,Accountant,26,3
77685.47,M,GS11,Secretary,41,18
121952.12,F,GS15,Accountant,22,2
80703.4,F,GS10,Secretary,64,27
77161.01,M,GS12,Accountant,25,1
118458.6,F,GS15,FinancialAnalyst,31,10
81802.0,M,GS10,Secretary,49,29
107245.1,M,GS14,Engineer,40,8
77263.75,F,GS12,Developer,24,0
56273.81,F,GS11,FinancialAnalyst,45,2
81753.2,F,GS13,Engineer,28,1
93361.43,M,GS11,FinancialAnalyst,63,37
82650.22,M,GS13,FinancialAnalyst,31,5
148171.19,F,GS13,Developer,56,27
100502.44,M,GS10,Accountant,55,34
60342.75,F,GS11,Secretary,42,2
143419.06,M,GS14,Engineer,64,27
60802.53,M,GS11,Secretary,30,5
84987.78,M,GS11,Developer,40,17
132359.39,M,GS15,FinancialAnalyst,53,13
60219.05,F,GS11,Secretary,24,3
68062.75,M,GS10,Secretary,62,15
59868.6,F,GS10,Secretary,51,1
67734.18,M,GS11,Secretary,38,9
111147.12,F,GS14,FinancialAnalyst,45,11
107506.29,F,GS14,Accountant,24,4
77232.93,M,GS12,FinancialAnalyst,46,13
63721.3,M,GS10,Developer,43,0
88542.31,M,GS11,Accountant,44,1
104298.6,F,GS13,Accountant,35,10
65138.21,F,GS13,Engineer,50,18
124843.07,M,GS14,Accountant,39,11
60748.16,F,GS11,Secretary,22,1
123570.07,F,GS14,FinancialAnalyst,42,15
37501.97,F,GS12,Developer,55,2
77817.53,F,GS10,Secretary,53,24
56414.87,M,GS10,Secretary,24,3
157088.75,F,GS15,Developer,37,12
54213.85,M,GS10,FinancialAnalyst,23,2
141318.23,M,GS13,Developer,51,29
68121.4,M,GS10,Accountant,31,7
38944.44,M,GS10,Accountant,50,0
74910.83,M,GS10,Engineer,56,21
119501.81,M,GS15,FinancialAnalyst,31,7
61973.8,F,GS11,Engineer,64,9
67283.34,F,GS10,Developer,31,2
71398.22,F,GS12,Engineer,34,4
18874.37,M,GS10,Developer,63,6
103196.32,M,GS13,Developer,36,13
61001.96,F,GS11,Secretary,25,3
51864.0,F,GS10,Engineer,28,0
142280.53,M,GS15,FinancialAnalyst,40,16
131069.01,M,GS14,Accountant,55,12
58794.55,F,GS11,Secretary,22,0
39432.19,M,GS13,Accountant,57,19
119518.25,M,GS15,FinancialAnalyst,45,3
60091.05,M,GS11,Secretary,30,3
64251.16,M,GS10,Secretary,49,13
63736.84,F,GS10,Secretary,50,11
57534.87,F,GS11,FinancialAnalyst,32,2
109749.28,F,GS14,FinancialAnalyst,60,10
91182.53,M,GS13,Developer,48,20
80861.59,M,GS10,Engineer,44,1
109078.5,M,GS12,Accountant,49,21
216758.3,M,GS15,Developer,59,33
78317.4,F,GS12,Accountant,45,3
89448.02,F,GS10,Accountant,60,25
87540.27,M,GS11,Developer,40,13
74255.0,F,GS10,Engineer,55,25
63987.94,F,GS11,Accountant,30,0
55916.1,M,GS10,FinancialAnalyst,46,5
134309.75,M,GS15,Accountant,32,8
81703.75,M,GS10,Accountant,47,15
66986.06,M,GS10,Developer,41,7
13788.68,F,GS11,Secretary,59,3
52232.04,M,GS10,Engineer,21,1
14662.17,M,GS10,Accountant,64,17
72530.8,M,GS12,Engineer,28,5
112362.13,F,GS14,Developer,21,1
55756.0,F,GS11,Engineer,24,0
108069.75,M,GS13,Developer,50,22
100951.03,F,GS13,Developer,22,2
103717.34,M,GS13,Developer,64,7
78216.73,F,GS12,Developer,25,0
129457.15,M,GS14,Developer,30,9
67517.1,F,GS11,Developer,20,0
59383.67,F,GS11,Secretary,36,0
41567.24,F,GS12,Developer,51,0
42683.92,M,GS11,Secretary,51,3
80281.83,F,GS10,Developer,54,13
71947.35,M,GS12,FinancialAnalyst,23,3
111819.97,F,GS14,Engineer,55,12
134588.62,F,GS15,FinancialAnalyst,43,12
119073.15,M,GS11,Accountant,55,35
183840.11,F,GS15,Developer,55,31
71683.28,M,GS10,Developer,36,3
138604.42,M,GS15,Engineer,21,1
113670.83,F,GS11,Accountant,61,38
80342.64,M,GS11,Accountant,51,15
92149.85,M,GS10,Developer,61,25
101374.08,M,GS14,FinancialAnalyst,51,5
59119.82,M,GS11,Secretary,21,0
79468.0,M,GS13,FinancialAnalyst,42,0
40616.84,M,GS11,Secretary,55,20
65593.35,F,GS10,Secretary,54,15
75419.42,F,GS11,Engineer,46,0
58673.96,M,GS10,Secretary,24,4
125325.48,M,GS15,Developer,33,2
61149.74,F,GS11,Engineer,33,5
64944.86,M,GS10,Developer,47,5
90309.85,F,GS12,Developer,28,8
60354.22,M,GS11,Developer,48,18
106474.35,F,GS14,Accountant,36,3
59029.78,F,GS10,FinancialAnalyst,48,8
32434.76,M,GS12,Developer,56,3
129625.58,F,GS15,Engineer,31,10
138190.09,M,GS15,Engineer,24,1
68576.11,M,GS12,FinancialAnalyst,34,2
75605.86,F,GS10,Accountant,39,17
57009.71,M,GS10,Secretary,30,2
37955.1,F,GS10,Secretary,52,19
111995.75,F,GS13,Accountant,35,1
81656.19,M,GS11,Accountant,41,17
85016.64,F,GS12,Accountant,51,9
108473.83,F,GS11,Accountant,50,30
61709.19,M,GS10,Secretary,50,7
64769.73,F,GS11,Secretary,44,7
73140.54,M,GS12,FinancialAnalyst,37,5
82490.33,M,GS12,FinancialAnalyst,46,1
108358.72,F,GS14,Developer,35,4
81711.34,F,GS12,Accountant,48,7
103457.78,M,GS10,FinancialAnalyst,61,38
83364.57,M,GS10,Secretary,24,1
110460.0,F,GS15,FinancialAnalyst,26,0
98132.8,M,GS12,Accountant,24,1
75724.7,F,GS12,FinancialAnalyst,31,7
47202.74,M,GS11,Engineer,47,4
72079.7,M,GS11,Accountant,23,2
127503.54,F,GS14,Developer,46,10
59632.37,M,GS11,Secretary,20,0
91740.08,F,GS13,FinancialAnalyst,38,12
75956.66,M,GS12,FinancialAnalyst,39,11
58233.11,F,GS11,Secretary,26,0
83968.22,F,GS12,Developer,28,3
55756.0,F,GS11,Engineer,20,0
106408.15,F,GS14,Developer,22,1
119663.61,F,GS14,Accountant,44,9
151870.67,M,GS15,Engineer,48,24
84732.44,F,GS11,Developer,35,15
107190.36,F,GS12,Developer,60,13
86990.95,M,GS13,Engineer,39,8
135591.22,F,GS14,FinancialAnalyst,49,28
77549.67,F,GS10,Secretary,63,24
29014.45,F,GS14,FinancialAnalyst,62,17
113977.56,F,GS14,FinancialAnalyst,39,14
47316.32,M,GS15,FinancialAnalyst,62,1
76373.7,F,GS12,Accountant,24,2
83149.9,F,GS12,Engineer,45,13
63587.45,M,GS11,Secretary,40,7
116167.51,F,GS14,Engineer,37,11
84987.11,M,GS12,Accountant,33,8
115905.37,M,GS12,Accountant,55,33
84544.21,M,GS12,Developer,47,18
33157.46,M,GS11,Accountant,60,19
100642.14,F,GS13,Engineer,58,13
115464.85,M,GS14,FinancialAnalyst,53,13
122745.54,F,GS15,Accountant,28,2
59919.61,M,GS10,Secretary,44,9
156223.39,M,GS15,FinancialAnalyst,48,21
124871.31,F,GS15,Accountant,25,3
77166.65,F,GS13,Accountant,48,4
150486.04,F,GS14,FinancialAnalyst,63,33
58816.4,M,GS10,Secretary,42,5
63406.04,M,GS11,Secretary,27,6
74483.45,M,GS10,Developer,34,9
33813.93,M,GS11,Secretary,55,19
69614.16,M,GS10,Developer,25,3
82325.8,M,GS12,Accountant,45,4
100098.67,F,GS12,FinancialAnalyst,35,1
59699.57,M,GS11,FinancialAnalyst,35,5
61886.17,M,GS10,Engineer,57,13
100105.6,M,GS13,Accountant,47,9
117498.84,F,GS13,Accountant,43,17
79468.0,F,GS13,FinancialAnalyst,20,0
57412.09,M,GS10,Engineer,34,8
23902.25,M,GS12,Engineer,62,20
60453.66,M,GS10,Secretary,31,8
69872.8,F,GS11,Secretary,41,9
96965.97,F,GS11,Developer,53,30
51864.0,F,GS10,FinancialAnalyst,21,0
79545.93,F,GS11,Engineer,57,24
110460.0,M,GS15,FinancialAnalyst,23,0
197229.78,F,GS15,Developer,63,33
34371.74,M,GS14,Engineer,62,0
67013.48,F,GS11,FinancialAnalyst,39,14
98166.47,F,GS10,Developer,55,28
19904.06,M,GS10,Secretary,57,3
55756.0,M,GS11,FinancialAnalyst,23,0
106937.74,F,GS14,Accountant,36,1
51864.0,M,GS10,Engineer,21,0
114678.17,M,GS14,Engineer,32,11
66829.0,F,GS12,Engineer,33,0
40388.15,M,GS14,Engineer,58,20
73163.57,M,GS11,Accountant,41,10
136466.13,F,GS13,FinancialAnalyst,61,37
101128.71,M,GS10,Secretary,64,39
58842.37,F,GS11,Secretary,20,0
61744.84,F,GS10,Secretary,32,7
74076.37,F,GS11,Secretary,43,15
123196.05,F,GS15,FinancialAnalyst,61,8
83558.84,F,GS12,Engineer,51,14
80644.21,F,GS12,Accountant,30,2
76144.55,F,GS11,FinancialAnalyst,42,22
76382.01,M,GS10,Engineer,45,22
126534.11,F,GS15,Developer,25,3
66045.9,F,GS11,FinancialAnalyst,47,13
59021.52,M,GS11,FinancialAnalyst,28,3
69185.68,M,GS11,Secretary,45,12
83459.81,M,GS12,Developer,24,4
118569.43,M,GS12,FinancialAnalyst,57,37
32893.45,M,GS13,Engineer,57,6
51336.74,M,GS12,Engineer,50,6
75177.48,M,GS10,Developer,34,12
72169.94,F,GS11,Accountant,28,6
82943.89,F,GS12,Accountant,31,7
62333.42,F,GS11,FinancialAnalyst,44,9
152816.19,M,GS15,Accountant,39,16
100386.59,M,GS13,Developer,31,5
59669.36,M,GS11,Engineer,45,5
80892.57,M,GS10,FinancialAnalyst,54,32
150518.43,M,GS15,Developer,32,12
119536.02,M,GS14,Developer,43,11
19956.62,M,GS13,FinancialAnalyst,61,4
56375.07,M,GS11,Engineer,40,1
119333.8,M,GS15,Accountant,22,0
120959.33,F,GS13,Accountant,42,18
160578.42,M,GS15,Accountant,56,13
85252.82,M,GS11,Secretary,45,22
66483.84,F,GS10,Accountant,29,6
100586.54,F,GS13,Accountant,31,4
118669.4,F,GS14,Developer,26,6
168070.29,F,GS15,Developer,48,21
66881.91,M,GS11,FinancialAnalyst,34,13
13903.78,M,GS10,Secretary,62,2
55756.0,M,GS11,FinancialAnalyst,33,0
99517.52,F,GS14,Engineer,37,4
104526.95,M,GS13,Accountant,33,9
84692.12,F,GS10,Secretary,63,23
123872.18,M,GS15,Accountant,29,3
114147.53,F,GS15,FinancialAnalyst,23,2
71754.48,F,GS12,Engineer,26,5
66202.2,F,GS11,Secretary,32,7
70609.52,F,GS10,Developer,39,10
72913.81,M,GS10,Accountant,32,9
88469.11,F,GS10,Secretary,45,1
51313.99,F,GS15,Developer,61,22
88976.77,F,GS13,Developer,21,0
74575.43,F,GS12,Developer,47,3
135203.33,M,GS14,Engineer,51,25
110460.0,F,GS15,FinancialAnalyst,26,0
69400.43,F,GS11,Developer,32,0
94064.58,F,GS14,FinancialAnalyst,26,1
143234.63,M,GS15,Developer,47,12
63258.48,F,GS11,Secretary,28,8
76784.31,F,GS10,Secretary,43,19
144147.53,M,GS13,FinancialAnalyst,63,41
97257.5,M,GS11,Secretary,60,35
133149.73,F,GS13,Accountant,56,26
69477.42,F,GS10,Secretary,45,17
61885.37,M,GS11,Secretary,23,2
61753.85,M,GS10,FinancialAnalyst,35,14
59229.97,F,GS11,Engineer,24,4
94393.09,F,GS14,Engineer,26,2
133344.65,M,GS15,Accountant,28,6
54151.67,F,GS10,Secretary,20,0
66833.94,M,GS10,Developer,32,4
74097.95,M,GS10,Developer,35,10
88747.41,M,GS10,Secretary,22,1
86503.37,M,GS12,Engineer,41,15
60153.37,F,GS11,Developer,46,1
57769.79,M,GS11,FinancialAnalyst,26,2
72010.6,F,GS12,FinancialAnalyst,25,5
125016.46,M,GS15,Engineer,44,12
92536.81,F,GS12,Accountant,42,11
32595.59,M,GS15,Engineer,64,4
41749.61,F,GS11,Developer,56,17
103748.12,F,GS14,Accountant,30,0
79468.0,M,GS13,FinancialAnalyst,22,0
136907.18,M,GS15,FinancialAnalyst,31,11
169638.82,F,GS15,Accountant,47,26
142571.41,M,GS13,Accountant,56,30
110460.0,M,GS15,FinancialAnalyst,32,0
76111.32,M,GS10,Engineer,51,27
60548.93,F,GS11,Engineer,25,5
92934.23,M,GS13,Developer,30,3
27782.42,M,GS11,FinancialAnalyst,54,16
127542.06,M,GS15,Accountant,26,5
136730.84,F,GS13,Accountant,53,28
55155.84,F,GS10,FinancialAnalyst,41,4
82492.42,M,GS12,Developer,30,4
98211.31,M,GS13,Developer,25,5
30976.44,M,GS10,Accountant,57,18
123248.03,F,GS15,FinancialAnalyst,38,8
51864.0,F,GS10,FinancialAnalyst,24,0
147690.73,F,GS15,FinancialAnalyst,64,25
100820.71,M,GS13,Developer,50,22
57395.33,M,GS10,Secretary,39,2
185251.77,M,GS15,Developer,48,27
164486.61,F,GS15,Developer,41,19
93863.09,F,GS14,Developer,48,2
145158.74,F,GS14,Developer,51,21
135380.71,F,GS13,Accountant,64,28
68018.18,F,GS12,Engineer,24,1
108405.62,M,GS10,Secretary,62,40
82276.56,M,GS11,Accountant,41,15
66975.19,M,GS10,Developer,32,5
83837.33,F,GS12,Developer,38,2
107558.79,M,GS14,Engineer,35,11
112791.3,M,GS12,Developer,23,1
116749.86,F,GS15,Engineer,37,4
75592.17,F,GS11,Engineer,46,26
71848.95,F,GS10,Secretary,45,16
94088.6,M,GS13,Accountant,27,6
220191.32,M,GS15,Accountant,61,39
68150.82,M,GS12,FinancialAnalyst,23,2
94951.37,F,GS13,FinancialAnalyst,58,11
93907.0,M,GS14,Engineer,20,0
110460.0,F,GS15,Engineer,24,0
142364.75,F,GS15,Accountant,36,10
108557.62,F,GS14,Developer,40,3
112238.14,F,GS14,FinancialAnalyst,64,12
65890.69,F,GS11,FinancialAnalyst,48,12
67694.97,F,GS12,Engineer,27,2
74442.07,M,GS11,Accountant,35,7
94706.74,M,GS10,Developer,51,30
173094.61,F,GS15,Engineer,49,28
124951.72,M,GS13,Accountant,59,23
74238.03,F,GS11,Accountant,32,8
53577.2,F,GS14,Engineer,54,18
38453.22,M,GS10,FinancialAnalyst,51,4
160946.54,F,GS14,Engineer,60,36
53770.9,M,GS10,Engineer,29,3
99587.8,F,GS11,Secretary,61,41
67743.23,F,GS11,Accountant,35,5
71257.08,M,GS10,Developer,63,11
151217.52,F,GS15,Developer,58,14
158124.27,F,GS15,Engineer,46,23
61227.86,F,GS11,Secretary,43,4
57109.79,F,GS11,Secretary,55,22
130227.71,M,GS15,Accountant,24,4
127844.03,M,GS11,Developer,63,40
55667.77,M,GS10,Secretary,33,5
28909.63,F,GS12,Developer,57,0
70165.87,F,GS11,Accountant,30,4
144578.69,F,GS15,Engineer,45,18
106265.65,M,GS12,Engineer,48,27
95990.24,M,GS13,Accountant,31,5
58314.7,F,GS11,Engineer,22,2
31132.12,F,GS13,Engineer,64,20
128592.9,M,GS15,Accountant,26,5
60023.39,F,GS11,Engineer,30,5
55756.0,M,GS11,FinancialAnalyst,21,0
83329.26,M,GS12,FinancialAnalyst,64,15
77344.32,M,GS12,Accountant,25,0
62928.77,F,GS11,Secretary,27,6
94668.38,F,GS13,FinancialAnalyst,38,12
101880.76,F,GS13,Developer,34,9
102858.67,M,GS13,Developer,57,7
106769.73,F,GS13,Developer,22,1
129793.54,F,GS15,Developer,24,3
98638.7,F,GS12,FinancialAnalyst,43,23
29605.63,F,GS11,Developer,63,19
93907.0,M,GS14,Engineer,39,0
94415.63,M,GS14,Engineer,25,1
70929.7,M,GS10,Developer,47,5
88416.4,M,GS13,FinancialAnalyst,30,9
102584.42,F,GS12,Accountant,47,23
140565.06,M,GS15,Engineer,22,1
43288.75,M,GS15,Developer,60,6
82257.65,F,GS12,Developer,26,6
66925.86,M,GS10,Secretary,36,13
111269.46,M,GS11,Developer,56,26
76261.68,F,GS12,Accountant,43,0
66445.83,F,GS11,Accountant,52,1
61624.94,F,GS11,Secretary,23,2
126053.27,M,GS15,Developer,27,2
15609.62,M,GS10,Secretary,63,6
124166.65,M,GS15,Accountant,26,2
83375.29,F,GS11,Secretary,26,1
115008.04,M,GS13,FinancialAnalyst,55,24
108485.83,F,GS13,FinancialAnalyst,38,1
66829.0,M,GS12,Engineer,26,0
92837.69,F,GS12,Developer,32,9
78156.1,M,GS10,Accountant,53,14
70875.47,M,GS10,Secretary,53,14
78590.43,M,GS12,FinancialAnalyst,35,13
139765.23,M,GS15,FinancialAnalyst,53,12
129857.09,F,GS15,Developer,27,5
100403.05,M,GS14,Engineer,48,5
39868.92,M,GS10,Secretary,50,2
68978.2,M,GS10,Developer,55,8
97210.7,M,GS14,Engineer,23,2
93907.0,F,GS14,FinancialAnalyst,20,0
83637.9,M,GS13,FinancialAnalyst,45,3
83863.99,F,GS13,Engineer,23,3
71939.9,F,GS11,Accountant,31,10
58635.38,M,GS10,FinancialAnalyst,39,8
51041.89,F,GS14,Developer,58,6
110133.16,F,GS12,FinancialAnalyst,57,26
106185.15,F,GS14,Developer,26,2
116092.25,M,GS14,Developer,38,4
51864.0,M,GS10,Engineer,20,0
131656.22,F,GS13,Developer,51,27
87973.51,M,GS15,Engineer,48,1
59140.81,F,GS10,FinancialAnalyst,40,10
63581.88,F,GS11,Secretary,27,2
78632.95,F,GS10,Secretary,51,25
101239.4,F,GS14,FinancialAnalyst,34,3
60451.4,F,GS10,Engineer,34,11
105460.39,M,GS14,Developer,29,0
110460.0,M,GS15,FinancialAnalyst,41,0
128308.44,M,GS15,Engineer,22,1
102105.97,M,GS14,Engineer,29,5
107521.7,F,GS14,Engineer,27,7
53369.0,F,GS10,Engineer,23,3
44183.12,F,GS11,Accountant,54,16
51864.0,M,GS10,Engineer,24,0
48457.25,F,GS15,Developer,63,16
126516.82,F,GS14,Accountant,47,14
54838.49,M,GS10,Secretary,20,0
124775.13,M,GS15,Developer,21,0
73027.85,F,GS10,Accountant,32,9
115300.16,F,GS15,FinancialAnalyst,35,4
110460.0,F,GS15,Engineer,37,0
122469.53,F,GS14,Developer,38,8
87969.08,F,GS10,Engineer,61,34
91277.37,F,GS10,Secretary,63,38
128244.32,F,GS14,FinancialAnalyst,44,22
55200.7,F,GS10,Secretary,27,4
63257.47,F,GS11,FinancialAnalyst,53,12
111578.89,M,GS12,Developer,64,25
79468.0,F,GS13,FinancialAnalyst,23,0
74736.09,M,GS10,Accountant,35,15
59121.41,F,GS15,Developer,61,19
96932.06,F,GS11,Accountant,50,24
67644.76,F,GS11,Accountant,25,1
125259.38,F,GS15,Accountant,22,2
89237.49,M,GS11,Secretary,58,25
80716.75,M,GS12,Accountant,28,4
91248.06,M,GS12,FinancialAnalyst,44,17
68699.86,M,GS10,Secretary,34,14
56256.95,M,GS14,Engineer,57,22
88881.67,M,GS10,Secretary,55,32
127887.17,F,GS15,FinancialAnalyst,29,8
113096.05,F,GS15,FinancialAnalyst,35,1
160367.47,F,GS15,Developer,43,18
58130.07,F,GS11,Engineer,32,4
65249.82,F,GS10,Secretary,54,11
65230.79,M,GS10,Secretary,38,14
62669.45,M,GS10,Secretary,26,6
68321.03,M,GS12,FinancialAnalyst,23,3
13546.38,M,GS10,Secretary,62,6
112348.28,F,GS15,FinancialAnalyst,43,3
87648.79,M,GS11,Secretary,21,1
116523.29,M,GS13,Accountant,25,1
81530.05,F,GS15,Engineer,51,1
78138.47,M,GS12,Accountant,36,1
63113.03,M,GS10,Accountant,26,1
59385.99,M,GS10,FinancialAnalyst,35,10
70166.67,M,GS10,Secretary,60,21
101858.52,M,GS14,FinancialAnalyst,30,5
60915.62,M,GS10,Secretary,46,9
68296.13,F,GS10,Secretary,55,12
108938.17,F,GS12,Accountant,52,26
87841.01,F,GS12,Developer,26,6
79213.91,F,GS12,Developer,46,2
115388.92,M,GS14,Developer,35,5
119463.27,F,GS15,Engineer,29,5
81625.38,M,GS13,FinancialAnalyst,44,3
57560.88,F,GS10,Engineer,52,8
91055.45,F,GS12,Accountant,50,11
63161.22,M,GS10,Developer,34,3
75516.72,F,GS10,Developer,32,9
63785.23,F,GS15,Engineer,64,1
61731.36,M,GS14,Accountant,57,22
64161.7,F,GS11,FinancialAnalyst,30,8
55707.89,F,GS10,Secretary,26,1
68848.74,M,GS11,Secretary,54,9
95705.25,F,GS14,FinancialAnalyst,24,1
97339.87,M,GS12,Developer,38,14
84843.58,M,GS11,Developer,39,15
128691.64,F,GS13,Developer,56,24
118444.14,M,GS15,FinancialAnalyst,32,6
128228.52,M,GS14,FinancialAnalyst,42,19
63257.81,F,GS10,Accountant,48,19
85993.73,F,GS13,Engineer,54,7
61762.4,M,GS10,Engineer,37,13
58528.92,M,GS10,Secretary,27,5
68808.46,F,GS12,Engineer,28,2
144662.1,F,GS15,Accountant,27,1
79468.0,F,GS13,Engineer,23,0
38565.02,F,GS13,Accountant,62,6
82466.46,F,GS13,Engineer,34,2
108823.53,M,GS12,Engineer,55,33
85325.46,M,GS12,Engineer,42,18
70541.46,M,GS10,Developer,62,11
63415.79,M,GS10,Developer,31,2
126130.6,M,GS15,FinancialAnalyst,50,8
73641.12,M,GS11,Secretary,40,16
121936.79,M,GS15,FinancialAnalyst,34,6
59295.5,F,GS11,Secretary,43,0
96250.5,F,GS13,Developer,30,5
100037.66,F,GS10,Developer,54,25
59515.0,M,GS10,Secretary,59,7
40707.81,F,GS11,Secretary,50,6
122650.3,M,GS14,Developer,42,13
155337.21,F,GS13,Developer,57,36
84239.65,F,GS10,Secretary,57,24
67185.09,F,GS11,Accountant,36,1
72414.06,M,GS11,Secretary,56,14
22993.7,F,GS11,Secretary,63,19
91346.47,F,GS12,Developer,30,10
86913.16,M,GS13,FinancialAnalyst,54,5
66321.81,F,GS10,Secretary,41,12
138724.96,M,GS15,Engineer,40,1
58713.41,M,GS11,Secretary,33,3
98237.81,F,GS10,Developer,57,30
68634.64,M,GS11,Secretary,37,10
78993.57,M,GS11,FinancialAnalyst,49,24
91852.28,F,GS12,Accountant,37,12
55391.7,F,GS10,Engineer,33,6
65283.63,M,GS11,Secretary,30,7
54680.46,F,GS10,Secretary,27,0
93668.0,M,GS13,Accountant,28,3
149376.7,M,GS15,Accountant,49,14
65518.24,M,GS11,Secretary,43,5
57116.31,M,GS10,Secretary,26,3
74427.64,M,GS11,Developer,30,2
67966.51,F,GS11,Secretary,29,7
142644.66,F,GS14,Developer,37,14
66523.29,M,GS10,Accountant,40,2
126802.37,F,GS15,Engineer,42,10
78687.0,F,GS10,Engineer,60,27
51864.0,M,GS10,Engineer,45,0
81348.84,M,GS12,Developer,26,1
57133.34,M,GS13,FinancialAnalyst,48,2
120236.16,M,GS14,Accountant,58,10
80304.39,M,GS14,FinancialAnalyst,52,19
66611.2,M,GS10,Engineer,41,19
53181.72,F,GS10,FinancialAnalyst,23,3
50355.52,F,GS15,Accountant,57,1
60672.81,F,GS10,Secretary,40,6
136535.17,F,GS15,Developer,26,4
29852.12,F,GS10,Developer,56,22
75304.87,M,GS12,Engineer,44,8
105662.61,F,GS12,FinancialAnalyst,63,30
140552.23,F,GS15,Accountant,37,12
82170.23,M,GS10,Accountant,47,1
94951.14,F,GS11,Secretary,34,1
87938.72,M,GS11,Secretary,28,1
97197.73,F,GS10,Accountant,58,36
63485.91,F,GS10,Secretary,58,9
77343.15,M,GS14,Accountant,50,4
100116.72,M,GS13,Engineer,43,16
77958.7,F,GS11,Secretary,36,15
128795.29,M,GS15,FinancialAnalyst,34,10
137866.41,M,GS15,Engineer,25,1
61813.33,M,GS11,FinancialAnalyst,58,9
102973.73,M,GS14,Accountant,20,0
65932.56,F,GS11,Secretary,48,9
72747.29,M,GS10,Secretary,52,14
177821.78,M,GS15,Engineer,56,36
83363.87,F,GS12,Accountant,41,5
21322.69,F,GS11,Secretary,60,16
73323.18,F,GS12,FinancialAnalyst,30,6
91446.57,F,GS11,Secretary,48,25
63477.79,M,GS10,Developer,23,1
107845.53,M,GS12,Developer,45,21
112579.96,F,GS14,Accountant,25,4
111194.02,M,GS14,FinancialAnalyst,38,14
70641.33,F,GS12,Engineer,33,3
121555.4,F,GS12,Developer,52,27
70044.68,M,GS11,Developer,24,3
72485.42,M,GS10,Secretary,23,1
149340.71,F,GS15,Developer,38,11
68767.73,M,GS10,Accountant,46,12
60922.43,F,GS10,Secretary,46,16
112726.34,M,GS13,FinancialAnalyst,62,24
33130.39,M,GS11,Developer,53,2
97977.04,M,GS13,FinancialAnalyst,32,12
101518.68,M,GS13,Accountant,32,7
155869.62,M,GS15,Developer,21,1
81732.57,M,GS12,Developer,33,3
124758.42,F,GS15,Accountant,29,4
90134.68,M,GS13,Developer,23,3
105971.33,M,GS14,Engineer,40,6
90755.53,F,GS13,Engineer,51,11
76468.6,F,GS11,Secretary,58,12
123022.02,M,GS15,Accountant,36,2
62938.38,F,GS11,Secretary,48,22
75425.45,F,GS12,Developer,24,0
52970.48,M,GS10,Engineer,29,3
116734.56,M,GS14,Developer,31,10
66829.0,F,GS12,FinancialAnalyst,20,0
90484.27,F,GS10,Accountant,51,23
